TransactionID,Date,Store,Region,CustomerAge,Gender,Category,Product,Quantity,UnitPrice,Discount,Sales,Profit,Payment,Loyalty
100000,2025-01-01 00:00:00.000000,S2,North,45.0,M,Clothing,Product_50,10,27.9,0.0,279.0,72.39,Card,No
100001,2025-01-01 08:44:41.081081,S4,East,24.0,F,Clothing,Product_33,7,111.09,0.05,738.75,213.28,Cash,No
100002,2025-01-01 17:29:22.162162,S3,West,52.0,M,Clothing,Product_13,7,81.24,0.2,454.94,87.87,Card,No
100003,2025-01-02 02:14:03.243243,S3,East,45.0,M,Clothing,Product_78,5,141.15,0.15,599.89,123.44,Cash,Yes
100004,2025-01-02 10:58:44.324324,S1,West,31.0,M,Electronics,Product_97,1,256.98,0.0,256.98,53.43,UPI,No
100005,2025-01-02 19:43:25.405405,S1,East,27.0,F,Clothing,Product_62,2,114.88,0.1,206.78,52.95,UPI,Yes
100006,2025-01-03 04:28:06.486486,S1,East,33.0,F,Home,Product_93,9,211.31,0.1,1711.61,379.06,UPI,Yes
100007,2025-01-03 13:12:47.567567,S4,West,33.0,F,Grocery,Product_43,3,5.35,0.0,16.05,2.73,UPI,No
100008,2025-01-03 21:57:28.648648,S3,North,48.0,M,Clothing,Product_49,1,31.58,0.0,31.58,8.86,UPI,No
100009,2025-01-04 06:42:09.729729,S3,South,59.0,M,Clothing,Product_36,6,66.46,0.2,319.01,65.57,Cash,Yes
100010,2025-01-04 15:26:50.810810,S1,North,42.0,M,Electronics,Product_10,3,458.78,0.2,1101.07,138.64,UPI,Yes
100011,2025-01-05 00:11:31.891891,S4,West,30.0,M,Home,Product_95,2,94.1,0.2,150.56,20.96,Cash,Yes
100012,2025-01-05 08:56:12.972972,S4,West,23.0,F,Clothing,Product_6,10,133.74,0.15,1136.79,261.8,Cash,No
100013,2025-01-05 17:40:54.054054,S1,North,61.0,M,Grocery,Product_57,7,78.0,0.1,491.4,62.42,Cash,Yes
100014,2025-01-06 02:25:35.135135,S1,East,26.0,F,Clothing,Product_1,3,146.49,0.05,417.5,112.23,UPI,Yes
100015,2025-01-06 11:10:16.216216,S1,West,62.0,F,Clothing,Product_71,10,58.87,0.0,588.7,168.62,UPI,Yes
100016,2025-01-06 19:54:57.297297,S2,North,53.0,M,Home,Product_58,5,322.51,0.0,1612.55,404.94,Card,No
100017,2025-01-07 04:39:38.378378,S2,East,60.0,F,Home,Product_91,6,77.93,0.1,420.82,84.79,UPI,No
100018,2025-01-07 13:24:19.459459,S2,West,37.0,M,Clothing,Product_21,1,94.9,0.15,80.67,16.72,Card,Yes
100019,2025-01-07 22:09:00.540540,S2,North,35.0,M,Clothing,Product_92,2,162.01,0.15,275.42,54.32,Card,No
100020,2025-01-08 06:53:41.621621,S3,East,60.0,M,Grocery,Product_80,5,53.09,0.2,212.36,18.63,Card,Yes
100021,2025-01-08 15:38:22.702702,S1,South,38.0,F,Electronics,Product_56,8,294.78,0.15,2004.5,343.52,Cash,No
100022,2025-01-09 00:23:03.783783,S2,West,21.0,M,Grocery,Product_87,5,26.96,0.2,107.84,13.8,Cash,No
100023,2025-01-09 09:07:44.864864,S2,West,67.0,F,Electronics,Product_20,2,281.28,0.0,562.56,137.84,UPI,Yes
100024,2025-01-09 17:52:25.945945,S2,West,50.0,F,Home,Product_54,1,202.68,0.15,172.28,33.23,UPI,Yes
100025,2025-01-10 02:37:07.027027,S4,South,44.0,M,Home,Product_25,7,145.71,0.1,917.97,218.43,UPI,No
100026,2025-01-10 11:21:48.108108,S1,West,24.0,F,Clothing,Product_28,2,175.03,0.0,350.06,95.87,UPI,Yes
100027,2025-01-10 20:06:29.189189,S2,West,23.0,F,Grocery,Product_5,4,74.98,0.2,239.94,17.8,Card,No
100028,2025-01-11 04:51:10.270270,S3,South,32.0,M,Electronics,Product_21,1,454.74,0.15,386.53,76.69,Card,Yes
100029,2025-01-11 13:35:51.351351,S1,West,35.0,M,Electronics,Product_18,1,297.64,0.0,297.64,68.65,Card,Yes
100030,2025-01-11 22:20:32.432432,S3,North,49.0,F,Clothing,Product_47,5,130.61,0.0,653.05,162.81,UPI,No
100031,2025-01-12 07:05:13.513513,S1,East,28.0,M,Clothing,Product_70,6,164.45,0.1,888.03,240.82,UPI,No
100032,2025-01-12 15:49:54.594594,S1,North,37.0,F,Home,Product_57,3,305.13,0.1,823.85,160.76,UPI,No
100033,2025-01-13 00:34:35.675675,S4,North,41.0,M,Electronics,Product_93,2,295.01,0.2,472.02,61.12,Cash,Yes
100034,2025-01-13 09:19:16.756756,S4,North,32.0,M,Electronics,Product_19,7,189.34,0.0,1325.38,318.66,Card,No
100035,2025-01-13 18:03:57.837837,S4,East,65.0,M,Electronics,Product_97,2,176.47,0.0,352.94,87.26,Card,No
100036,2025-01-14 02:48:38.918918,S2,South,24.0,M,Electronics,Product_65,4,351.97,0.0,1407.88,281.56,Card,No
100037,2025-01-14 11:33:20.000000,S1,East,38.0,F,Clothing,Product_3,10,122.82,0.0,1228.2,380.03,Card,No
100038,2025-01-14 20:18:01.081081,S3,North,59.0,M,Home,Product_42,2,304.95,0.0,609.9,163.14,Card,Yes
100039,2025-01-15 05:02:42.162162,S2,South,43.0,F,Grocery,Product_21,9,26.94,0.2,193.97,16.29,Card,No
100040,2025-01-15 13:47:23.243243,S1,East,61.0,F,Grocery,Product_99,2,17.56,0.05,33.36,5.17,UPI,No
100041,2025-01-15 22:32:04.324324,S2,West,31.0,F,Electronics,Product_40,5,282.65,0.05,1342.59,309.23,Card,Yes
100042,2025-01-16 07:16:45.405405,S1,South,54.0,F,Clothing,Product_67,3,76.57,0.0,229.71,57.15,UPI,No
100043,2025-01-16 16:01:26.486486,S4,East,38.0,M,Electronics,Product_25,10,196.36,0.0,1963.6,486.22,UPI,Yes
100044,2025-01-17 00:46:07.567567,S1,West,35.0,M,Electronics,Product_55,3,385.3,0.15,982.52,173.84,Card,Yes
100045,2025-01-17 09:30:48.648648,S3,East,22.0,F,Clothing,Product_84,3,101.39,0.1,273.75,68.49,UPI,No
100046,2025-01-17 18:15:29.729729,S2,North,20.0,M,Electronics,Product_52,10,402.39,0.15,3420.31,556.26,Card,Yes
100047,2025-01-18 03:00:10.810810,S2,North,40.0,F,Electronics,Product_44,4,273.44,0.05,1039.07,248.76,Cash,Yes
100048,2025-01-18 11:44:51.891891,S3,West,43.0,M,Grocery,Product_98,4,29.43,0.05,111.83,22.63,Cash,No
100049,2025-01-18 20:29:32.972972,S1,North,54.0,F,Clothing,Product_85,2,95.61,0.05,181.66,45.0,Card,No
100050,2025-01-19 05:14:14.054054,S4,West,41.0,F,Clothing,Product_56,6,160.39,0.05,914.22,248.89,Cash,No
100051,2025-01-19 13:58:55.135135,S3,East,66.0,F,Electronics,Product_55,1,164.1,0.15,139.48,27.55,UPI,No
100052,2025-01-19 22:43:36.216216,S4,West,36.0,F,Electronics,Product_87,1,431.69,0.0,431.69,88.19,Cash,Yes
100053,2025-01-20 07:28:17.297297,S4,West,68.0,F,Grocery,Product_70,5,32.67,0.1,147.02,21.3,UPI,No
100054,2025-01-20 16:12:58.378378,S3,West,42.0,F,Electronics,Product_77,3,449.12,0.0,1347.36,323.47,Card,No
100055,2025-01-21 00:57:39.459459,S4,South,38.0,F,Clothing,Product_87,9,148.35,0.1,1201.64,239.97,Cash,Yes
100056,2025-01-21 09:42:20.540540,S1,East,29.0,M,Electronics,Product_73,8,272.07,0.2,1741.25,272.63,Card,No
100057,2025-01-21 18:27:01.621621,S1,South,58.0,M,Clothing,Product_81,6,131.02,0.1,707.51,154.4,Card,Yes
100058,2025-01-22 03:11:42.702702,S1,South,50.0,M,Electronics,Product_66,7,205.87,0.1,1296.98,238.45,Card,Yes
100059,2025-01-22 11:56:23.783783,S2,East,,F,Home,Product_19,5,318.88,0.2,1275.52,246.03,Card,No
100060,2025-01-22 20:41:04.864864,S2,West,70.0,M,Grocery,Product_83,2,35.34,0.1,63.61,5.87,UPI,No
100061,2025-01-23 05:25:45.945945,S1,West,21.0,F,Home,Product_7,6,186.69,0.0,1120.14,297.64,UPI,Yes
100062,2025-01-23 14:10:27.027027,S4,East,59.0,F,Electronics,Product_63,2,397.02,0.0,794.04,207.06,Cash,Yes
100063,2025-01-23 22:55:08.108108,S2,South,24.0,F,Grocery,Product_42,3,66.56,0.1,179.71,23.24,Card,No
100064,2025-01-24 07:39:49.189189,S2,South,39.0,F,Clothing,Product_42,7,57.81,0.1,364.2,91.61,Cash,Yes
100065,2025-01-24 16:24:30.270270,S3,East,50.0,M,Clothing,Product_59,4,125.82,0.05,478.12,137.08,Cash,Yes
100066,2025-01-25 01:09:11.351351,S1,North,34.0,F,Home,Product_20,7,167.6,0.05,1114.54,220.84,Card,No
100067,2025-01-25 09:53:52.432432,S4,North,41.0,F,Electronics,Product_73,2,279.05,0.2,446.48,69.27,Card,No
100068,2025-01-25 18:38:33.513513,S1,South,51.0,M,Electronics,Product_17,5,391.51,0.0,1957.55,470.74,UPI,No
100069,2025-01-26 03:23:14.594594,S4,South,45.0,M,Home,Product_27,1,166.15,0.05,157.84,38.32,UPI,No
100070,2025-01-26 12:07:55.675675,S3,South,60.0,F,Electronics,Product_47,5,271.14,0.0,1355.7,300.6,UPI,No
100071,2025-01-26 20:52:36.756756,S1,North,58.0,F,Home,Product_2,6,300.77,0.15,1533.93,260.76,UPI,No
100072,2025-01-27 05:37:17.837837,S1,North,56.0,M,Clothing,Product_63,5,36.2,0.0,181.0,55.72,UPI,Yes
100073,2025-01-27 14:21:58.918918,S4,North,39.0,F,Grocery,Product_62,2,55.69,0.1,100.24,14.1,Card,No
100074,2025-01-27 23:06:40.000000,S3,West,66.0,F,Grocery,Product_100,1,23.65,0.0,23.65,3.83,UPI,No
100075,2025-01-28 07:51:21.081081,S3,South,34.0,M,Grocery,Product_19,1,6.16,0.1,5.54,0.74,Card,Yes
100076,2025-01-28 16:36:02.162162,S3,South,51.0,F,Electronics,Product_17,5,208.37,0.15,885.57,148.22,UPI,Yes
100077,2025-01-29 01:20:43.243243,S1,East,23.0,F,Electronics,Product_69,9,362.33,0.05,3097.92,522.86,UPI,No
100078,2025-01-29 10:05:24.324324,S2,North,63.0,F,Clothing,Product_39,2,133.46,0.05,253.57,66.02,UPI,Yes
100079,2025-01-29 18:50:05.405405,S1,West,23.0,F,Electronics,Product_82,6,157.37,0.05,897.01,171.92,Cash,Yes
100080,2025-01-30 03:34:46.486486,S4,West,51.0,M,Electronics,Product_71,8,162.75,0.05,1236.9,280.43,UPI,No
100081,2025-01-30 12:19:27.567567,S3,North,18.0,M,Clothing,Product_81,4,164.41,0.15,558.99,102.02,UPI,No
100082,2025-01-30 21:04:08.648648,S2,South,27.0,M,Clothing,Product_39,5,31.73,0.0,158.65,47.4,UPI,No
100083,2025-01-31 05:48:49.729729,S1,West,38.0,M,Grocery,Product_36,7,72.06,0.1,453.98,76.42,Cash,Yes
100084,2025-01-31 14:33:30.810810,S2,West,22.0,M,Electronics,Product_40,2,229.86,0.0,459.72,84.25,UPI,Yes
100085,2025-01-31 23:18:11.891891,S2,South,19.0,F,Electronics,Product_45,3,409.01,0.0,1227.03,227.81,Card,No
100086,2025-02-01 08:02:52.972972,S3,East,39.0,F,Electronics,Product_4,1,258.41,0.05,245.49,57.87,Cash,Yes
100087,2025-02-01 16:47:34.054054,S3,North,65.0,F,Grocery,Product_25,10,69.41,0.1,624.69,76.16,UPI,No
100088,2025-02-02 01:32:15.135135,S4,West,19.0,F,Home,Product_69,8,260.14,0.05,1977.06,577.1,Card,Yes
100089,2025-02-02 10:16:56.216216,S2,North,27.0,F,Grocery,Product_30,6,35.14,0.1,189.76,19.71,UPI,No
100090,2025-02-02 19:01:37.297297,S1,West,51.0,M,Grocery,Product_76,1,10.72,0.0,10.72,1.97,Cash,No
100091,2025-02-03 03:46:18.378378,S3,East,33.0,M,Clothing,Product_68,4,137.23,0.0,548.92,153.44,UPI,Yes
100092,2025-02-03 12:30:59.459459,S3,East,65.0,M,Clothing,Product_88,1,118.7,0.15,100.9,21.78,Card,No
100093,2025-02-03 21:15:40.540540,S3,South,68.0,F,Clothing,Product_29,1,20.47,0.15,17.4,3.99,UPI,Yes
100094,2025-02-04 06:00:21.621621,S3,North,56.0,M,Home,Product_73,5,52.83,0.0,264.15,68.79,UPI,Yes
100095,2025-02-04 14:45:02.702702,S2,North,39.0,F,Clothing,Product_68,10,149.41,0.1,1344.69,318.22,UPI,No
100096,2025-02-04 23:29:43.783783,S2,North,29.0,M,Clothing,Product_51,8,61.5,0.05,467.4,112.04,Card,Yes
100097,2025-02-05 08:14:24.864864,S2,North,41.0,F,Grocery,Product_24,6,52.71,0.15,268.82,37.89,Card,Yes
100098,2025-02-05 16:59:05.945945,S1,West,64.0,F,Grocery,Product_14,1,39.07,0.15,33.21,4.4,UPI,Yes
100099,2025-02-06 01:43:47.027027,S1,South,57.0,F,Home,Product_69,3,309.03,0.15,788.03,151.53,UPI,Yes
100100,2025-02-06 10:28:28.108108,S1,North,55.0,F,Home,Product_18,3,325.09,0.15,828.98,167.39,Card,Yes
100101,2025-02-06 19:13:09.189189,S3,West,27.0,F,Home,Product_42,6,349.04,0.0,2094.24,555.77,Card,No
100102,2025-02-07 03:57:50.270270,S2,West,,F,Electronics,Product_57,7,203.79,0.15,1212.55,175.54,Card,No
100103,2025-02-07 12:42:31.351351,S2,West,68.0,F,Electronics,Product_83,3,452.04,0.05,1288.31,272.11,UPI,Yes
100104,2025-02-07 21:27:12.432432,S4,West,66.0,F,Home,Product_12,3,129.81,0.0,389.43,93.05,Card,Yes
100105,2025-02-08 06:11:53.513513,S1,North,49.0,F,Home,Product_82,1,227.24,0.05,215.88,53.12,Card,No
100106,2025-02-08 14:56:34.594594,S2,South,24.0,M,Electronics,Product_17,3,327.02,0.2,784.85,106.86,Card,No
100107,2025-02-08 23:41:15.675675,S3,East,38.0,M,Grocery,Product_30,4,6.35,0.15,21.59,2.85,UPI,No
100108,2025-02-09 08:25:56.756756,S1,East,37.0,F,Electronics,Product_88,1,476.47,0.0,476.47,100.69,Card,No
100109,2025-02-09 17:10:37.837837,S1,North,43.0,M,Electronics,Product_75,4,177.41,0.1,638.68,123.44,Card,No
100110,2025-02-10 01:55:18.918918,S2,West,21.0,M,Home,Product_99,7,256.47,0.15,1526.0,260.07,Cash,Yes
100111,2025-02-10 10:40:00.000000,S1,North,63.0,F,Electronics,Product_23,5,424.75,0.0,2123.75,468.76,Card,Yes
100112,2025-02-10 19:24:41.081081,S4,North,69.0,F,Electronics,Product_81,1,428.35,0.05,406.93,89.37,Card,Yes
100113,2025-02-11 04:09:22.162162,S4,East,39.0,F,Clothing,Product_1,2,41.68,0.1,75.02,18.71,Cash,No
100114,2025-02-11 12:54:03.243243,S3,East,32.0,M,Home,Product_79,4,184.27,0.05,700.23,163.74,Card,No
100115,2025-02-11 21:38:44.324324,S4,East,57.0,M,Clothing,Product_32,3,152.71,0.0,458.13,144.8,UPI,No
100116,2025-02-12 06:23:25.405405,S4,North,,M,Home,Product_9,3,140.8,0.1,380.16,87.62,Card,Yes
100117,2025-02-12 15:08:06.486486,S1,West,32.0,M,Clothing,Product_15,4,94.84,0.2,303.49,65.89,UPI,No
100118,2025-02-12 23:52:47.567567,S4,North,39.0,M,Electronics,Product_28,5,245.48,0.1,1104.66,213.38,Card,No
100119,2025-02-13 08:37:28.648648,S2,North,69.0,M,Grocery,Product_24,7,39.77,0.15,236.63,32.1,UPI,No
100120,2025-02-13 17:22:09.729729,S4,West,45.0,F,Electronics,Product_60,3,460.74,0.05,1313.11,306.14,Card,Yes
100121,2025-02-14 02:06:50.810810,S4,West,31.0,F,Grocery,Product_35,7,39.13,0.0,273.91,47.02,Card,No
100122,2025-02-14 10:51:31.891891,S2,West,44.0,M,Clothing,Product_86,3,108.95,0.1,294.17,76.54,UPI,Yes
100123,2025-02-14 19:36:12.972972,S1,West,58.0,M,Grocery,Product_27,1,35.3,0.05,33.53,5.6,Cash,No
100124,2025-02-15 04:20:54.054054,S1,East,57.0,M,Electronics,Product_83,4,311.04,0.15,1057.54,161.1,Card,No
100125,2025-02-15 13:05:35.135135,S2,East,45.0,M,Clothing,Product_76,5,22.43,0.0,112.15,31.18,UPI,Yes
100126,2025-02-15 21:50:16.216216,S4,North,43.0,F,Electronics,Product_20,9,249.31,0.05,2131.6,435.66,Card,No
100127,2025-02-16 06:34:57.297297,S4,South,66.0,M,Electronics,Product_65,6,302.8,0.05,1725.96,315.51,UPI,Yes
100128,2025-02-16 15:19:38.378378,S1,South,19.0,M,Home,Product_85,8,240.14,0.2,1536.9,287.83,Card,No
100129,2025-02-17 00:04:19.459459,S2,North,42.0,M,Electronics,Product_49,8,307.52,0.0,2460.16,536.17,UPI,Yes
100130,2025-02-17 08:49:00.540540,S2,East,20.0,M,Home,Product_1,5,151.35,0.0,756.75,190.47,Card,No
100131,2025-02-17 17:33:41.621621,S1,South,25.0,F,Electronics,Product_10,4,285.83,0.0,1143.32,282.56,Card,No
100132,2025-02-18 02:18:22.702702,S1,North,61.0,F,Clothing,Product_47,4,58.77,0.15,199.82,44.48,Card,Yes
100133,2025-02-18 11:03:03.783783,S2,North,50.0,F,Home,Product_59,10,327.35,0.0,3273.5,920.03,Card,No
100134,2025-02-18 19:47:44.864864,S4,East,59.0,M,Clothing,Product_96,6,103.48,0.0,620.88,167.33,Cash,No
100135,2025-02-19 04:32:25.945945,S2,North,69.0,F,Home,Product_62,1,54.02,0.0,54.02,12.32,Cash,Yes
100136,2025-02-19 13:17:07.027027,S2,West,52.0,F,Home,Product_86,6,55.83,0.1,301.48,61.56,UPI,No
100137,2025-02-19 22:01:48.108108,S3,South,23.0,F,Grocery,Product_18,2,77.97,0.0,155.94,19.29,Card,No
100138,2025-02-20 06:46:29.189189,S2,South,56.0,M,Clothing,Product_46,4,55.43,0.05,210.63,58.58,Card,No
100139,2025-02-20 15:31:10.270270,S4,East,69.0,M,Home,Product_32,2,291.68,0.0,583.36,133.72,UPI,No
100140,2025-02-21 00:15:51.351351,S4,West,40.0,F,Grocery,Product_27,6,9.37,0.1,50.6,6.46,Cash,No
100141,2025-02-21 09:00:32.432432,S1,South,42.0,F,Home,Product_92,8,326.35,0.1,2349.72,527.1,UPI,No
100142,2025-02-21 17:45:13.513513,S2,East,67.0,M,Clothing,Product_18,3,159.91,0.05,455.74,119.58,UPI,No
100143,2025-02-22 02:29:54.594594,S2,East,,M,Home,Product_39,1,221.33,0.2,177.06,28.54,Cash,No
100144,2025-02-22 11:14:35.675675,S2,North,36.0,M,Home,Product_49,3,52.7,0.2,126.48,16.35,Cash,Yes
100145,2025-02-22 19:59:16.756756,S1,West,22.0,F,Home,Product_93,5,127.34,0.05,604.86,154.85,Card,No
100146,2025-02-23 04:43:57.837837,S3,West,68.0,M,Electronics,Product_82,3,292.39,0.15,745.59,130.08,Card,No
100147,2025-02-23 13:28:38.918918,S2,East,28.0,F,Electronics,Product_44,3,311.02,0.1,839.75,185.68,UPI,No
100148,2025-02-23 22:13:20.000000,S1,West,29.0,M,Home,Product_72,2,139.3,0.15,236.81,42.17,UPI,No
100149,2025-02-24 06:58:01.081081,S1,West,27.0,F,Electronics,Product_54,4,161.53,0.05,613.81,104.91,Card,Yes
100150,2025-02-24 15:42:42.162162,S4,East,25.0,F,Home,Product_95,3,227.04,0.05,647.06,161.7,Card,No
100151,2025-02-25 00:27:23.243243,S1,West,41.0,M,Clothing,Product_34,6,103.86,0.05,592.0,151.69,UPI,Yes
100152,2025-02-25 09:12:04.324324,S1,East,45.0,F,Clothing,Product_71,1,65.28,0.15,55.49,12.9,UPI,No
100153,2025-02-25 17:56:45.405405,S2,East,58.0,M,Electronics,Product_36,5,163.29,0.0,816.45,206.07,Card,Yes
100154,2025-02-26 02:41:26.486486,S4,East,53.0,F,Electronics,Product_18,2,498.11,0.0,996.22,226.9,UPI,Yes
100155,2025-02-26 11:26:07.567567,S1,East,54.0,F,Grocery,Product_38,4,41.15,0.05,156.37,25.54,UPI,No
100156,2025-02-26 20:10:48.648648,S3,North,38.0,M,Grocery,Product_59,3,61.7,0.0,185.1,34.17,UPI,No
100157,2025-02-27 04:55:29.729729,S3,West,25.0,F,Home,Product_9,6,185.69,0.1,1002.73,177.74,Card,Yes
100158,2025-02-27 13:40:10.810810,S1,West,26.0,F,Clothing,Product_73,9,26.91,0.0,242.19,73.18,UPI,Yes
100159,2025-02-27 22:24:51.891891,S3,North,64.0,M,Home,Product_72,8,142.88,0.05,1085.89,275.21,UPI,Yes
100160,2025-02-28 07:09:32.972972,S2,West,32.0,F,Home,Product_51,5,146.03,0.2,584.12,105.5,Card,Yes
100161,2025-02-28 15:54:14.054054,S3,North,65.0,F,Clothing,Product_35,4,154.14,0.05,585.73,134.54,UPI,Yes
100162,2025-03-01 00:38:55.135135,S3,South,,F,Electronics,Product_82,7,378.98,0.1,2387.57,423.98,Card,No
100163,2025-03-01 09:23:36.216216,S2,East,57.0,M,Home,Product_5,6,132.63,0.0,795.78,221.84,Card,No
100164,2025-03-01 18:08:17.297297,S1,North,35.0,M,Home,Product_14,2,340.32,0.0,680.64,162.46,Card,Yes
100165,2025-03-02 02:52:58.378378,S4,West,59.0,M,Grocery,Product_92,7,29.12,0.15,173.26,24.89,Card,No
100166,2025-03-02 11:37:39.459459,S2,West,37.0,F,Electronics,Product_30,4,499.38,0.15,1697.89,273.53,Card,Yes
100167,2025-03-02 20:22:20.540540,S1,South,23.0,M,Home,Product_4,2,348.85,0.05,662.82,161.89,UPI,Yes
100168,2025-03-03 05:07:01.621621,S1,North,29.0,F,Clothing,Product_39,3,50.59,0.2,121.42,23.28,Card,Yes
100169,2025-03-03 13:51:42.702702,S3,South,19.0,M,Clothing,Product_84,2,70.04,0.2,112.06,22.6,Cash,No
100170,2025-03-03 22:36:23.783783,S3,East,24.0,F,Electronics,Product_64,4,320.12,0.2,1024.38,152.36,UPI,Yes
100171,2025-03-04 07:21:04.864864,S1,West,33.0,M,Clothing,Product_25,2,126.26,0.05,239.89,57.17,Card,No
100172,2025-03-04 16:05:45.945945,S2,East,20.0,M,Clothing,Product_28,2,104.49,0.0,208.98,59.66,Card,Yes
100173,2025-03-05 00:50:27.027027,S1,North,62.0,M,Clothing,Product_76,2,175.11,0.1,315.2,58.7,UPI,Yes
100174,2025-03-05 09:35:08.108108,S3,East,20.0,M,Home,Product_66,5,267.2,0.1,1202.4,238.04,UPI,Yes
100175,2025-03-05 18:19:49.189189,S1,East,44.0,F,Home,Product_78,6,113.61,0.0,681.66,177.83,Card,No
100176,2025-03-06 03:04:30.270270,S3,West,67.0,F,Home,Product_22,3,81.53,0.15,207.9,44.16,Card,No
100177,2025-03-06 11:49:11.351351,S2,North,60.0,F,Grocery,Product_31,1,56.63,0.0,56.63,10.73,UPI,No
100178,2025-03-06 20:33:52.432432,S4,East,57.0,F,Clothing,Product_23,2,45.35,0.05,86.16,20.01,Card,Yes
100179,2025-03-07 05:18:33.513513,S1,East,55.0,F,Electronics,Product_48,8,425.69,0.05,3235.24,713.88,Cash,Yes
100180,2025-03-07 14:03:14.594594,S2,West,50.0,F,Home,Product_20,4,143.31,0.1,515.92,96.59,UPI,Yes
100181,2025-03-07 22:47:55.675675,S1,South,45.0,F,Electronics,Product_38,4,264.41,0.05,1004.76,213.29,Card,Yes
100182,2025-03-08 07:32:36.756756,S4,East,18.0,F,Clothing,Product_55,1,21.73,0.15,18.47,3.65,Card,No
100183,2025-03-08 16:17:17.837837,S4,West,,M,Electronics,Product_68,6,395.35,0.1,2134.89,351.27,Card,Yes
100184,2025-03-09 01:01:58.918918,S1,North,54.0,F,Electronics,Product_79,4,189.64,0.15,644.78,90.83,UPI,Yes
100185,2025-03-09 09:46:40.000000,S3,West,49.0,M,Grocery,Product_88,2,62.97,0.2,100.75,10.36,Card,No
100186,2025-03-09 18:31:21.081081,S4,East,65.0,F,Electronics,Product_89,1,322.15,0.1,289.94,51.06,Card,No
100187,2025-03-10 03:16:02.162162,S3,North,60.0,F,Clothing,Product_1,3,145.48,0.2,349.15,73.38,UPI,No
100188,2025-03-10 12:00:43.243243,S2,South,54.0,M,Electronics,Product_7,7,354.37,0.0,2480.59,544.81,Card,Yes
100189,2025-03-10 20:45:24.324324,S1,East,21.0,M,Home,Product_57,8,74.73,0.05,567.95,113.39,UPI,No
100190,2025-03-11 05:30:05.405405,S1,North,47.0,F,Clothing,Product_95,5,142.5,0.0,712.5,203.43,UPI,Yes
100191,2025-03-11 14:14:46.486486,S4,East,23.0,F,Home,Product_12,6,70.94,0.0,425.64,91.41,UPI,No
100192,2025-03-11 22:59:27.567567,S4,South,63.0,M,Clothing,Product_5,1,96.59,0.15,82.1,16.61,Cash,No
100193,2025-03-12 07:44:08.648648,S3,East,36.0,F,Electronics,Product_50,5,210.32,0.0,1051.6,223.7,Cash,No
100194,2025-03-12 16:28:49.729729,S2,North,49.0,F,Clothing,Product_42,5,140.37,0.05,666.76,167.58,Card,Yes
100195,2025-03-13 01:13:30.810810,S2,West,,M,Electronics,Product_12,2,469.06,0.1,844.31,124.16,Card,No
100196,2025-03-13 09:58:11.891891,S3,West,29.0,F,Clothing,Product_18,8,108.66,0.1,782.35,209.22,Card,Yes
100197,2025-03-13 18:42:52.972972,S4,West,28.0,F,Clothing,Product_66,2,104.34,0.05,198.25,58.08,UPI,No
100198,2025-03-14 03:27:34.054054,S4,East,63.0,M,Grocery,Product_74,3,62.3,0.15,158.86,26.21,Card,No
100199,2025-03-14 12:12:15.135135,S3,North,33.0,F,Electronics,Product_79,5,151.78,0.0,758.9,184.38,Cash,No
100200,2025-03-14 20:56:56.216216,S3,East,,F,Home,Product_94,5,325.33,0.05,1545.32,343.2,UPI,No
100201,2025-03-15 05:41:37.297297,S1,North,62.0,M,Electronics,Product_17,6,219.11,0.1,1183.19,203.21,Card,No
100202,2025-03-15 14:26:18.378378,S1,North,70.0,M,Clothing,Product_68,1,177.46,0.1,159.71,36.84,UPI,Yes
100203,2025-03-15 23:10:59.459459,S4,South,38.0,M,Clothing,Product_71,7,137.8,0.05,916.37,274.65,Card,No
100204,2025-03-16 07:55:40.540540,S3,South,47.0,F,Grocery,Product_62,4,63.07,0.15,214.44,25.24,UPI,No
100205,2025-03-16 16:40:21.621621,S1,West,30.0,F,Electronics,Product_41,4,379.67,0.05,1442.75,325.17,UPI,No
100206,2025-03-17 01:25:02.702702,S1,East,51.0,F,Electronics,Product_95,10,315.08,0.05,2993.26,669.98,Card,No
100207,2025-03-17 10:09:43.783783,S3,South,21.0,F,Clothing,Product_34,6,111.46,0.0,668.76,189.79,Card,No
100208,2025-03-17 18:54:24.864864,S1,South,45.0,F,Electronics,Product_70,1,166.24,0.1,149.62,22.59,Cash,Yes
100209,2025-03-18 03:39:05.945945,S1,West,55.0,M,Electronics,Product_45,6,368.39,0.1,1989.31,354.34,UPI,No
100210,2025-03-18 12:23:47.027027,S3,South,,M,Clothing,Product_58,1,120.18,0.0,120.18,34.0,Cash,Yes
100211,2025-03-18 21:08:28.108108,S3,South,44.0,M,Electronics,Product_51,1,461.92,0.05,438.82,98.98,Card,No
100212,2025-03-19 05:53:09.189189,S3,North,22.0,M,Electronics,Product_34,3,326.98,0.15,833.8,133.73,Card,No
100213,2025-03-19 14:37:50.270270,S1,West,42.0,F,Home,Product_44,10,73.14,0.05,694.83,143.02,Card,Yes
100214,2025-03-19 23:22:31.351351,S3,East,20.0,F,Clothing,Product_15,2,68.99,0.0,137.98,41.36,UPI,No
100215,2025-03-20 08:07:12.432432,S1,North,50.0,M,Electronics,Product_78,5,379.47,0.1,1707.62,299.6,Card,No
100216,2025-03-20 16:51:53.513513,S2,North,21.0,F,Electronics,Product_70,2,233.74,0.0,467.48,79.05,Card,No
100217,2025-03-21 01:36:34.594594,S3,East,42.0,F,Home,Product_50,6,134.16,0.15,684.22,134.45,UPI,Yes
100218,2025-03-21 10:21:15.675675,S3,East,37.0,M,Electronics,Product_32,4,437.16,0.0,1748.64,402.21,UPI,Yes
100219,2025-03-21 19:05:56.756756,S4,South,51.0,M,Clothing,Product_67,5,113.49,0.1,510.7,113.96,Card,No
100220,2025-03-22 03:50:37.837837,S3,West,43.0,M,Electronics,Product_3,2,327.98,0.05,623.16,122.24,UPI,Yes
100221,2025-03-22 12:35:18.918918,S3,North,,M,Home,Product_86,6,145.54,0.15,742.25,150.79,UPI,No
100222,2025-03-22 21:20:00.000000,S1,South,52.0,F,Clothing,Product_86,10,136.95,0.0,1369.5,392.55,Card,No
100223,2025-03-23 06:04:41.081081,S2,West,45.0,M,Home,Product_74,5,136.32,0.1,613.44,109.65,Card,Yes
100224,2025-03-23 14:49:22.162162,S1,South,46.0,M,Home,Product_51,4,271.12,0.1,976.03,229.44,Card,No
100225,2025-03-23 23:34:03.243243,S1,East,26.0,F,Home,Product_67,9,71.03,0.05,607.31,160.41,UPI,No
100226,2025-03-24 08:18:44.324324,S4,South,69.0,F,Electronics,Product_76,1,452.59,0.05,429.96,81.6,Cash,No
100227,2025-03-24 17:03:25.405405,S2,South,55.0,M,Electronics,Product_93,6,324.85,0.1,1754.19,248.75,Card,Yes
100228,2025-03-25 01:48:06.486486,S4,West,67.0,M,Clothing,Product_48,8,90.16,0.2,577.02,124.3,Card,No
100229,2025-03-25 10:32:47.567567,S3,South,23.0,M,Electronics,Product_17,1,363.86,0.0,363.86,75.15,Cash,Yes
100230,2025-03-25 19:17:28.648648,S4,West,36.0,M,Electronics,Product_7,4,368.47,0.0,1473.88,340.04,Cash,No
100231,2025-03-26 04:02:09.729729,S2,North,61.0,M,Home,Product_13,2,89.61,0.15,152.34,35.65,UPI,Yes
100232,2025-03-26 12:46:50.810810,S3,North,28.0,F,Clothing,Product_66,5,141.0,0.0,705.0,175.6,Cash,No
100233,2025-03-26 21:31:31.891891,S2,North,,M,Clothing,Product_4,5,64.15,0.2,256.6,47.23,UPI,No
100234,2025-03-27 06:16:12.972972,S1,East,64.0,M,Home,Product_10,3,321.49,0.1,868.02,178.91,UPI,No
100235,2025-03-27 15:00:54.054054,S3,South,61.0,F,Home,Product_88,4,295.36,0.1,1063.3,250.76,Card,No
100236,2025-03-27 23:45:35.135135,S2,West,61.0,M,Electronics,Product_17,3,271.19,0.0,813.57,236.84,Card,Yes
100237,2025-03-28 08:30:16.216216,S1,South,26.0,M,Grocery,Product_52,3,65.58,0.0,196.74,36.39,Card,No
100238,2025-03-28 17:14:57.297297,S3,West,38.0,M,Electronics,Product_6,2,274.74,0.1,494.53,72.87,UPI,Yes
100239,2025-03-29 01:59:38.378378,S1,North,41.0,F,Home,Product_83,8,80.28,0.2,513.79,83.79,Cash,Yes
100240,2025-03-29 10:44:19.459459,S4,West,51.0,M,Home,Product_69,1,338.57,0.2,270.86,41.85,UPI,Yes
100241,2025-03-29 19:29:00.540540,S4,West,39.0,F,Home,Product_96,8,245.78,0.0,1966.24,519.94,Card,No
100242,2025-03-30 04:13:41.621621,S4,West,20.0,F,Clothing,Product_74,5,92.98,0.0,464.9,133.68,Card,No
100243,2025-03-30 12:58:22.702702,S2,West,29.0,M,Electronics,Product_9,3,289.22,0.0,867.66,172.81,Card,No
100244,2025-03-30 21:43:03.783783,S1,East,45.0,F,Clothing,Product_91,6,71.95,0.15,366.95,74.61,Card,No
100245,2025-03-31 06:27:44.864864,S4,East,47.0,M,Home,Product_77,4,344.43,0.0,1377.72,334.51,UPI,Yes
100246,2025-03-31 15:12:25.945945,S2,North,43.0,M,Clothing,Product_83,4,41.56,0.0,166.24,45.75,Cash,No
100247,2025-03-31 23:57:07.027027,S4,North,65.0,F,Grocery,Product_21,1,28.61,0.0,28.61,5.13,Card,Yes
100248,2025-04-01 08:41:48.108108,S4,West,38.0,F,Clothing,Product_24,3,97.68,0.05,278.39,72.65,Card,No
100249,2025-04-01 17:26:29.189189,S4,East,,F,Electronics,Product_4,2,317.3,0.2,507.68,83.61,UPI,Yes
100250,2025-04-02 02:11:10.270270,S2,West,43.0,M,Electronics,Product_24,1,314.98,0.05,299.23,57.47,Card,Yes
100251,2025-04-02 10:55:51.351351,S2,South,50.0,M,Clothing,Product_59,3,48.13,0.0,144.39,38.86,Cash,No
100252,2025-04-02 19:40:32.432432,S4,North,38.0,F,Clothing,Product_99,1,43.19,0.05,41.03,9.57,Card,No
100253,2025-04-03 04:25:13.513513,S2,North,52.0,M,Home,Product_3,2,126.43,0.05,240.22,54.18,Card,No
100254,2025-04-03 13:09:54.594594,S1,East,69.0,M,Home,Product_68,1,324.36,0.0,324.36,82.75,Card,Yes
100255,2025-04-03 21:54:35.675675,S3,South,51.0,M,Home,Product_40,1,83.92,0.0,83.92,18.09,Card,Yes
100256,2025-04-04 06:39:16.756756,S4,North,,M,Grocery,Product_48,2,61.81,0.1,111.26,14.81,UPI,No
100257,2025-04-04 15:23:57.837837,S3,South,68.0,F,Home,Product_54,10,277.26,0.0,2772.6,757.49,Card,No
100258,2025-04-05 00:08:38.918918,S3,North,64.0,M,Electronics,Product_35,1,433.42,0.0,433.42,100.97,Card,Yes
100259,2025-04-05 08:53:20.000000,S1,East,35.0,F,Home,Product_95,5,315.98,0.05,1500.9,356.42,UPI,No
100260,2025-04-05 17:38:01.081081,S3,North,28.0,M,Electronics,Product_56,2,242.06,0.15,411.5,70.95,Card,Yes
100261,2025-04-06 02:22:42.162162,S4,West,40.0,F,Electronics,Product_89,9,228.6,0.1,1851.66,312.05,Card,Yes
100262,2025-04-06 11:07:23.243243,S1,South,65.0,M,Home,Product_40,1,189.65,0.1,170.68,33.43,UPI,Yes
100263,2025-04-06 19:52:04.324324,S2,South,39.0,M,Clothing,Product_77,9,62.41,0.1,505.52,134.18,UPI,No
100264,2025-04-07 04:36:45.405405,S4,North,34.0,M,Electronics,Product_68,5,407.01,0.1,1831.54,360.03,Cash,No
100265,2025-04-07 13:21:26.486486,S3,North,22.0,M,Electronics,Product_46,1,372.58,0.0,372.58,76.41,Card,Yes
100266,2025-04-07 22:06:07.567567,S3,South,61.0,F,Electronics,Product_78,8,456.25,0.2,2920.0,299.08,Card,No
100267,2025-04-08 06:50:48.648648,S3,South,28.0,F,Grocery,Product_13,4,11.21,0.0,44.84,7.42,Card,No
100268,2025-04-08 15:35:29.729729,S2,East,47.0,F,Electronics,Product_27,2,470.28,0.05,893.53,188.42,Card,Yes
100269,2025-04-09 00:20:10.810810,S2,South,32.0,M,Electronics,Product_6,6,252.67,0.15,1288.62,189.21,UPI,No
100270,2025-04-09 09:04:51.891891,S4,East,44.0,M,Clothing,Product_17,9,98.51,0.05,842.26,224.55,Cash,Yes
100271,2025-04-09 17:49:32.972972,S4,West,52.0,M,Clothing,Product_36,4,90.18,0.2,288.58,65.91,UPI,No
100272,2025-04-10 02:34:14.054054,S4,West,50.0,F,Grocery,Product_99,3,62.02,0.05,176.76,27.95,Card,No
100273,2025-04-10 11:18:55.135135,S4,North,37.0,F,Electronics,Product_81,7,297.12,0.15,1767.86,291.13,UPI,Yes
100274,2025-04-10 20:03:36.216216,S2,South,33.0,F,Clothing,Product_2,6,170.97,0.15,871.95,203.77,Cash,Yes
100275,2025-04-11 04:48:17.297297,S2,North,,M,Home,Product_77,8,320.76,0.2,2052.86,304.56,Card,No
100276,2025-04-11 13:32:58.378378,S4,North,19.0,F,Grocery,Product_52,6,70.41,0.2,337.97,28.57,UPI,No
100277,2025-04-11 22:17:39.459459,S3,West,52.0,M,Home,Product_66,2,71.38,0.15,121.35,24.82,Cash,No
100278,2025-04-12 07:02:20.540540,S3,North,57.0,F,Home,Product_52,9,306.28,0.1,2480.87,522.82,UPI,Yes
100279,2025-04-12 15:47:01.621621,S4,South,45.0,F,Electronics,Product_92,1,423.57,0.05,402.39,81.46,UPI,Yes
100280,2025-04-13 00:31:42.702702,S4,East,64.0,F,Clothing,Product_43,2,36.56,0.0,73.12,20.52,Card,Yes
100281,2025-04-13 09:16:23.783783,S2,East,56.0,F,Clothing,Product_90,4,37.19,0.1,133.88,34.75,Card,Yes
100282,2025-04-13 18:01:04.864864,S2,East,23.0,M,Grocery,Product_22,5,12.59,0.2,50.36,5.47,Card,No
100283,2025-04-14 02:45:45.945945,S1,North,26.0,F,Electronics,Product_55,1,153.97,0.1,138.57,26.19,UPI,No
100284,2025-04-14 11:30:27.027027,S3,South,37.0,M,Electronics,Product_67,7,342.02,0.2,1915.31,314.96,Card,No
100285,2025-04-14 20:15:08.108108,S1,South,18.0,F,Clothing,Product_99,3,175.74,0.15,448.14,112.99,Cash,Yes
100286,2025-04-15 04:59:49.189189,S2,North,25.0,M,Electronics,Product_60,3,303.54,0.0,910.62,241.2,UPI,No
100287,2025-04-15 13:44:30.270270,S3,South,40.0,M,Electronics,Product_58,7,339.27,0.0,2374.89,494.97,UPI,No
100288,2025-04-15 22:29:11.351351,S2,North,20.0,F,Grocery,Product_12,3,77.6,0.05,221.16,46.31,Card,No
100289,2025-04-16 07:13:52.432432,S3,North,21.0,F,Clothing,Product_88,1,60.83,0.0,60.83,15.7,Card,No
100290,2025-04-16 15:58:33.513513,S1,South,42.0,F,Home,Product_69,2,307.54,0.1,553.57,137.68,UPI,No
100291,2025-04-17 00:43:14.594594,S1,North,64.0,M,Home,Product_84,9,213.92,0.2,1540.22,242.31,UPI,No
100292,2025-04-17 09:27:55.675675,S4,East,55.0,F,Clothing,Product_39,1,111.12,0.15,94.45,20.65,UPI,Yes
100293,2025-04-17 18:12:36.756756,S2,East,32.0,M,Electronics,Product_13,3,270.11,0.05,769.81,154.25,Card,Yes
100294,2025-04-18 02:57:17.837837,S1,West,38.0,F,Electronics,Product_41,4,346.55,0.0,1386.2,280.93,UPI,No
100295,2025-04-18 11:41:58.918918,S2,North,52.0,M,Clothing,Product_57,4,31.7,0.05,120.46,31.53,UPI,No
100296,2025-04-18 20:26:40.000000,S3,North,70.0,F,Home,Product_53,1,279.39,0.05,265.42,56.72,UPI,Yes
100297,2025-04-19 05:11:21.081081,S1,North,70.0,F,Clothing,Product_12,4,65.55,0.05,249.09,58.61,UPI,No
100298,2025-04-19 13:56:02.162162,S3,East,63.0,F,Electronics,Product_13,3,460.66,0.0,1381.98,302.97,UPI,No
100299,2025-04-19 22:40:43.243243,S1,East,,M,Clothing,Product_74,10,78.86,0.05,749.17,218.61,Card,No
100300,2025-04-20 07:25:24.324324,S1,North,31.0,M,Grocery,Product_97,2,15.71,0.0,31.42,5.5,Card,Yes
100301,2025-04-20 16:10:05.405405,S2,West,53.0,F,Home,Product_57,3,258.76,0.2,621.02,117.26,UPI,No
100302,2025-04-21 00:54:46.486486,S3,North,29.0,M,Grocery,Product_40,3,17.34,0.0,52.02,8.48,Card,No
100303,2025-04-21 09:39:27.567567,S3,East,34.0,F,Home,Product_80,3,276.1,0.0,828.3,185.81,UPI,Yes
100304,2025-04-21 18:24:08.648648,S3,East,56.0,M,Clothing,Product_45,5,174.9,0.0,874.5,252.8,UPI,Yes
100305,2025-04-22 03:08:49.729729,S4,West,26.0,M,Home,Product_35,2,283.87,0.05,539.35,142.99,Cash,No
100306,2025-04-22 11:53:30.810810,S2,East,52.0,F,Electronics,Product_3,2,157.86,0.1,284.15,52.33,UPI,No
100307,2025-04-22 20:38:11.891891,S2,West,30.0,F,Home,Product_5,6,229.97,0.1,1241.84,281.32,Card,No
100308,2025-04-23 05:22:52.972972,S4,South,32.0,F,Home,Product_90,4,258.62,0.05,982.76,255.42,Card,No
100309,2025-04-23 14:07:34.054054,S1,West,35.0,F,Electronics,Product_11,3,438.91,0.1,1185.06,212.44,UPI,Yes
100310,2025-04-23 22:52:15.135135,S2,North,68.0,M,Home,Product_71,2,66.8,0.05,126.92,28.81,Card,No
100311,2025-04-24 07:36:56.216216,S1,West,,F,Grocery,Product_56,2,41.01,0.1,73.82,11.03,UPI,Yes
100312,2025-04-24 16:21:37.297297,S1,East,23.0,M,Electronics,Product_10,1,337.38,0.0,337.38,78.61,UPI,Yes
100313,2025-04-25 01:06:18.378378,S4,West,44.0,F,Home,Product_34,1,100.74,0.05,95.7,19.33,Card,Yes
100314,2025-04-25 09:50:59.459459,S4,South,40.0,F,Electronics,Product_67,4,262.86,0.15,893.72,148.28,Card,Yes
100315,2025-04-25 18:35:40.540540,S3,East,,M,Home,Product_72,8,182.07,0.15,1238.08,235.22,UPI,No
100316,2025-04-26 03:20:21.621621,S2,East,51.0,F,Clothing,Product_31,3,153.31,0.1,413.94,92.81,Cash,No
100317,2025-04-26 12:05:02.702702,S1,East,63.0,F,Clothing,Product_75,3,168.71,0.0,506.13,141.01,Card,No
100318,2025-04-26 20:49:43.783783,S1,North,55.0,M,Grocery,Product_71,1,52.13,0.0,52.13,8.17,Cash,Yes
100319,2025-04-27 05:34:24.864864,S1,North,31.0,F,Grocery,Product_66,3,34.62,0.2,83.09,5.8,UPI,No
100320,2025-04-27 14:19:05.945945,S3,North,53.0,M,Home,Product_70,1,126.21,0.0,126.21,31.72,Cash,No
100321,2025-04-27 23:03:47.027027,S3,North,70.0,M,Electronics,Product_41,8,493.75,0.0,3950.0,940.26,Card,No
100322,2025-04-28 07:48:28.108108,S3,West,,F,Grocery,Product_63,5,78.73,0.0,393.65,68.12,Card,No
100323,2025-04-28 16:33:09.189189,S1,North,52.0,F,Electronics,Product_32,10,473.74,0.05,4500.53,813.63,UPI,Yes
100324,2025-04-29 01:17:50.270270,S4,West,36.0,F,Grocery,Product_20,8,63.93,0.0,511.44,83.82,Cash,Yes
100325,2025-04-29 10:02:31.351351,S3,South,47.0,F,Clothing,Product_57,4,72.12,0.05,274.06,74.26,Card,Yes
100326,2025-04-29 18:47:12.432432,S3,North,31.0,F,Electronics,Product_98,4,435.95,0.05,1656.61,386.57,UPI,No
100327,2025-04-30 03:31:53.513513,S3,West,37.0,F,Home,Product_50,2,172.64,0.2,276.22,51.21,Cash,No
100328,2025-04-30 12:16:34.594594,S2,East,66.0,M,Electronics,Product_80,4,264.37,0.0,1057.48,260.16,Card,Yes
100329,2025-04-30 21:01:15.675675,S1,South,42.0,M,Electronics,Product_25,8,410.7,0.05,3121.32,558.86,UPI,Yes
100330,2025-05-01 05:45:56.756756,S2,East,57.0,M,Clothing,Product_12,1,32.74,0.1,29.47,7.03,Cash,Yes
100331,2025-05-01 14:30:37.837837,S3,East,41.0,M,Electronics,Product_71,8,167.0,0.1,1202.4,240.93,Card,No
100332,2025-05-01 23:15:18.918918,S1,North,31.0,F,Electronics,Product_39,3,306.78,0.05,874.32,150.4,Card,Yes
100333,2025-05-02 08:00:00.000000,S1,West,43.0,M,Electronics,Product_17,8,305.97,0.15,2080.6,305.5,UPI,Yes
100334,2025-05-02 16:44:41.081081,S1,West,55.0,M,Clothing,Product_45,9,163.3,0.0,1469.7,439.21,Card,Yes
100335,2025-05-03 01:29:22.162162,S1,East,40.0,M,Electronics,Product_11,5,194.15,0.15,825.14,136.29,Card,No
100336,2025-05-03 10:14:03.243243,S4,North,39.0,F,Home,Product_70,5,86.99,0.05,413.2,87.06,Cash,No
100337,2025-05-03 18:58:44.324324,S3,East,65.0,F,Electronics,Product_23,4,201.61,0.0,806.44,151.11,UPI,No
100338,2025-05-04 03:43:25.405405,S2,North,36.0,F,Grocery,Product_91,7,7.23,0.15,43.02,6.31,UPI,Yes
100339,2025-05-04 12:28:06.486486,S1,North,63.0,F,Grocery,Product_70,10,10.38,0.1,93.42,9.24,UPI,No
100340,2025-05-04 21:12:47.567567,S2,North,,F,Electronics,Product_38,6,380.95,0.0,2285.7,531.76,Card,Yes
100341,2025-05-05 05:57:28.648648,S2,South,20.0,F,Home,Product_2,5,179.48,0.0,897.4,214.78,Card,Yes
100342,2025-05-05 14:42:09.729729,S1,West,59.0,M,Home,Product_86,5,279.08,0.0,1395.4,378.07,Card,No
100343,2025-05-05 23:26:50.810810,S2,East,36.0,F,Grocery,Product_84,7,79.44,0.1,500.47,59.63,Card,Yes
100344,2025-05-06 08:11:31.891891,S2,East,26.0,F,Home,Product_89,4,247.71,0.0,990.84,299.53,UPI,No
100345,2025-05-06 16:56:12.972972,S3,South,,F,Electronics,Product_79,7,167.66,0.0,1173.62,267.64,UPI,Yes
100346,2025-05-07 01:40:54.054054,S3,South,37.0,F,Home,Product_93,4,81.37,0.0,325.48,85.06,UPI,Yes
100347,2025-05-07 10:25:35.135135,S1,South,,M,Home,Product_72,1,314.3,0.1,282.87,55.03,Card,No
100348,2025-05-07 19:10:16.216216,S2,West,24.0,F,Home,Product_37,3,208.25,0.15,531.04,99.48,Card,No
100349,2025-05-08 03:54:57.297297,S3,North,31.0,F,Clothing,Product_49,4,151.97,0.15,516.7,112.56,UPI,No
100350,2025-05-08 12:39:38.378378,S2,West,26.0,M,Grocery,Product_52,2,69.25,0.0,138.5,29.91,UPI,No
100351,2025-05-08 21:24:19.459459,S4,East,36.0,F,Grocery,Product_33,1,74.58,0.2,59.66,6.44,Card,No
100352,2025-05-09 06:09:00.540540,S3,South,64.0,M,Electronics,Product_22,4,482.44,0.1,1736.78,331.51,UPI,No
100353,2025-05-09 14:53:41.621621,S1,East,69.0,F,Electronics,Product_5,1,344.19,0.15,292.56,49.93,Card,No
100354,2025-05-09 23:38:22.702702,S1,South,31.0,F,Electronics,Product_18,3,269.36,0.05,767.68,163.19,Card,Yes
100355,2025-05-10 08:23:03.783783,S3,West,55.0,M,Grocery,Product_38,6,77.14,0.05,439.7,58.13,UPI,Yes
100356,2025-05-10 17:07:44.864864,S1,West,70.0,F,Home,Product_37,10,214.22,0.15,1820.87,420.59,Card,No
100357,2025-05-11 01:52:25.945945,S3,South,53.0,M,Home,Product_94,6,69.28,0.0,415.68,96.62,UPI,Yes
100358,2025-05-11 10:37:07.027027,S4,South,57.0,F,Clothing,Product_95,10,122.84,0.05,1166.98,302.52,Card,Yes
100359,2025-05-11 19:21:48.108108,S3,East,34.0,M,Clothing,Product_64,6,114.03,0.15,581.55,145.75,Card,Yes
100360,2025-05-12 04:06:29.189189,S2,West,47.0,F,Clothing,Product_10,3,163.33,0.15,416.49,107.74,Card,Yes
100361,2025-05-12 12:51:10.270270,S3,North,26.0,M,Clothing,Product_79,5,124.51,0.2,498.04,107.64,Cash,Yes
100362,2025-05-12 21:35:51.351351,S2,East,50.0,F,Home,Product_42,6,154.72,0.1,835.49,167.02,UPI,Yes
100363,2025-05-13 06:20:32.432432,S3,East,69.0,M,Grocery,Product_48,3,77.47,0.0,232.41,42.43,Cash,Yes
100364,2025-05-13 15:05:13.513513,S4,East,42.0,F,Grocery,Product_44,1,65.12,0.0,65.12,11.94,UPI,Yes
100365,2025-05-13 23:49:54.594594,S2,North,,F,Grocery,Product_82,6,52.28,0.05,298.0,48.89,UPI,No
100366,2025-05-14 08:34:35.675675,S4,East,28.0,F,Clothing,Product_87,1,66.87,0.05,63.53,14.95,Card,Yes
100367,2025-05-14 17:19:16.756756,S4,West,70.0,F,Clothing,Product_97,5,79.77,0.0,398.85,121.73,Card,No
100368,2025-05-15 02:03:57.837837,S1,North,52.0,F,Home,Product_16,2,250.99,0.0,501.98,126.85,Card,No
100369,2025-05-15 10:48:38.918918,S1,North,58.0,M,Grocery,Product_54,5,10.4,0.1,46.8,5.88,Card,No
100370,2025-05-15 19:33:20.000000,S1,West,31.0,M,Electronics,Product_35,4,239.84,0.15,815.46,122.35,UPI,No
100371,2025-05-16 04:18:01.081081,S1,North,47.0,M,Clothing,Product_98,1,134.22,0.2,107.38,22.06,Card,Yes
100372,2025-05-16 13:02:42.162162,S1,West,58.0,F,Electronics,Product_28,3,318.01,0.15,810.93,107.0,Card,Yes
100373,2025-05-16 21:47:23.243243,S3,South,,F,Home,Product_2,5,170.72,0.15,725.56,150.6,Card,No
100374,2025-05-17 06:32:04.324324,S1,North,21.0,M,Clothing,Product_94,7,44.23,0.1,278.65,68.18,Card,Yes
100375,2025-05-17 15:16:45.405405,S2,West,45.0,F,Clothing,Product_13,8,90.7,0.2,580.48,134.27,UPI,No
100376,2025-05-18 00:01:26.486486,S4,South,25.0,F,Electronics,Product_41,4,419.74,0.1,1511.06,274.34,Cash,No
100377,2025-05-18 08:46:07.567567,S1,South,19.0,F,Clothing,Product_80,6,62.24,0.15,317.42,62.94,Card,Yes
100378,2025-05-18 17:30:48.648648,S4,South,58.0,M,Grocery,Product_59,3,5.4,0.2,12.96,0.99,Card,No
100379,2025-05-19 02:15:29.729729,S2,East,63.0,M,Electronics,Product_69,3,383.98,0.2,921.55,121.82,Card,No
100380,2025-05-19 11:00:10.810810,S1,North,39.0,F,Home,Product_92,2,341.79,0.05,649.4,145.66,Cash,Yes
100381,2025-05-19 19:44:51.891891,S3,South,58.0,F,Home,Product_53,5,232.05,0.0,1160.25,276.9,Card,Yes
100382,2025-05-20 04:29:32.972972,S3,West,33.0,M,Grocery,Product_45,3,13.99,0.0,41.97,7.66,UPI,No
100383,2025-05-20 13:14:14.054054,S4,North,46.0,F,Electronics,Product_20,1,262.26,0.0,262.26,54.59,UPI,No
100384,2025-05-20 21:58:55.135135,S3,East,66.0,F,Grocery,Product_24,6,70.07,0.0,420.42,77.81,Card,Yes
100385,2025-05-21 06:43:36.216216,S4,South,65.0,F,Home,Product_61,6,119.77,0.0,718.62,172.17,Card,Yes
100386,2025-05-21 15:28:17.297297,S2,West,47.0,F,Grocery,Product_91,3,50.58,0.05,144.15,24.89,Card,No
100387,2025-05-22 00:12:58.378378,S1,North,29.0,M,Grocery,Product_94,1,35.2,0.05,33.44,5.14,Cash,No
100388,2025-05-22 08:57:39.459459,S3,West,52.0,M,Electronics,Product_58,4,222.75,0.1,801.9,164.33,UPI,No
100389,2025-05-22 17:42:20.540540,S4,South,28.0,F,Electronics,Product_27,4,434.69,0.0,1738.76,405.21,UPI,No
100390,2025-05-23 02:27:01.621621,S4,North,63.0,M,Electronics,Product_26,5,409.99,0.1,1844.96,339.24,UPI,Yes
100391,2025-05-23 11:11:42.702702,S2,North,67.0,M,Clothing,Product_7,3,125.85,0.1,339.79,80.14,UPI,No
100392,2025-05-23 19:56:23.783783,S2,North,38.0,M,Electronics,Product_42,6,232.72,0.1,1256.69,188.03,UPI,No
100393,2025-05-24 04:41:04.864864,S3,South,38.0,M,Electronics,Product_47,8,184.25,0.2,1179.2,198.43,Card,No
100394,2025-05-24 13:25:45.945945,S2,South,22.0,M,Clothing,Product_53,2,112.19,0.0,224.38,59.77,Card,Yes
100395,2025-05-24 22:10:27.027027,S4,West,65.0,M,Electronics,Product_59,10,343.79,0.0,3437.9,762.58,Card,Yes
100396,2025-05-25 06:55:08.108108,S4,South,37.0,M,Electronics,Product_38,3,215.93,0.05,615.4,127.31,UPI,No
100397,2025-05-25 15:39:49.189189,S2,North,54.0,M,Clothing,Product_69,2,29.0,0.0,58.0,16.03,Card,Yes
100398,2025-05-26 00:24:30.270270,S3,East,20.0,F,Electronics,Product_87,4,178.25,0.1,641.7,132.89,UPI,No
100399,2025-05-26 09:09:11.351351,S3,East,61.0,F,Clothing,Product_92,1,178.84,0.05,169.9,40.02,Card,Yes
100400,2025-05-26 17:53:52.432432,S1,North,50.0,F,Clothing,Product_98,2,145.37,0.0,290.74,91.49,Cash,Yes
100401,2025-05-27 02:38:33.513513,S4,North,70.0,M,Clothing,Product_53,3,167.52,0.0,502.56,147.47,Card,Yes
100402,2025-05-27 11:23:14.594594,S2,North,26.0,M,Grocery,Product_15,6,19.63,0.05,111.89,17.35,Card,No
100403,2025-05-27 20:07:55.675675,S4,East,26.0,F,Clothing,Product_96,8,173.69,0.1,1250.57,294.25,Cash,No
100404,2025-05-28 04:52:36.756756,S2,East,21.0,F,Clothing,Product_26,5,42.82,0.1,192.69,37.7,Card,No
100405,2025-05-28 13:37:17.837837,S4,South,52.0,M,Clothing,Product_48,1,101.45,0.0,101.45,26.68,Cash,No
100406,2025-05-28 22:21:58.918918,S2,West,34.0,M,Home,Product_95,5,298.91,0.0,1494.55,363.06,Card,Yes
100407,2025-05-29 07:06:40.000000,S1,West,51.0,F,Grocery,Product_19,5,31.24,0.0,156.2,28.67,Card,Yes
100408,2025-05-29 15:51:21.081081,S4,East,41.0,M,Grocery,Product_9,7,36.86,0.0,258.02,52.94,UPI,No
100409,2025-05-30 00:36:02.162162,S1,West,49.0,M,Home,Product_64,7,88.46,0.15,526.34,121.45,Cash,No
100410,2025-05-30 09:20:43.243243,S2,North,18.0,F,Electronics,Product_93,8,193.02,0.0,1544.16,348.12,Card,No
100411,2025-05-30 18:05:24.324324,S4,North,25.0,F,Electronics,Product_54,3,366.85,0.1,990.5,182.36,Cash,No
100412,2025-05-31 02:50:05.405405,S4,North,62.0,M,Electronics,Product_51,6,386.44,0.15,1970.84,296.01,UPI,Yes
100413,2025-05-31 11:34:46.486486,S3,North,40.0,M,Grocery,Product_39,2,63.3,0.0,126.6,18.45,UPI,Yes
100414,2025-05-31 20:19:27.567567,S3,East,64.0,F,Home,Product_4,10,217.0,0.05,2061.5,449.17,Card,No
100415,2025-06-01 05:04:08.648648,S2,West,57.0,M,Home,Product_3,2,243.73,0.2,389.97,64.69,Card,Yes
100416,2025-06-01 13:48:49.729729,S2,North,29.0,M,Clothing,Product_64,1,22.16,0.15,18.84,4.51,Cash,Yes
100417,2025-06-01 22:33:30.810810,S2,North,29.0,M,Grocery,Product_29,2,17.16,0.05,32.6,5.55,Cash,No
100418,2025-06-02 07:18:11.891891,S3,South,63.0,F,Electronics,Product_11,6,494.72,0.15,2523.07,414.87,UPI,Yes
100419,2025-06-02 16:02:52.972972,S3,West,64.0,M,Electronics,Product_97,4,176.6,0.15,600.44,89.1,Card,No
100420,2025-06-03 00:47:34.054054,S4,South,32.0,F,Clothing,Product_58,4,128.61,0.05,488.72,107.69,Card,Yes
100421,2025-06-03 09:32:15.135135,S4,South,58.0,F,Clothing,Product_75,9,48.17,0.15,368.5,66.91,UPI,No
100422,2025-06-03 18:16:56.216216,S1,North,36.0,F,Clothing,Product_27,8,134.67,0.05,1023.49,232.05,Card,No
100423,2025-06-04 03:01:37.297297,S2,North,43.0,F,Grocery,Product_97,3,57.95,0.05,165.16,25.46,Card,No
100424,2025-06-04 11:46:18.378378,S1,West,69.0,M,Electronics,Product_21,2,231.97,0.2,371.15,59.34,Card,No
100425,2025-06-04 20:30:59.459459,S3,West,46.0,M,Clothing,Product_39,7,63.14,0.15,375.68,89.92,UPI,Yes
100426,2025-06-05 05:15:40.540540,S2,North,39.0,M,Clothing,Product_95,8,124.76,0.05,948.18,261.58,Card,No
100427,2025-06-05 14:00:21.621621,S4,West,57.0,M,Electronics,Product_46,4,286.53,0.0,1146.12,240.34,UPI,No
100428,2025-06-05 22:45:02.702702,S2,East,38.0,F,Grocery,Product_66,5,19.59,0.1,88.16,14.36,UPI,No
100429,2025-06-06 07:29:43.783783,S1,West,68.0,M,Home,Product_91,2,269.5,0.1,485.1,92.84,UPI,Yes
100430,2025-06-06 16:14:24.864864,S1,South,55.0,M,Home,Product_36,7,96.24,0.1,606.31,137.67,Card,Yes
100431,2025-06-07 00:59:05.945945,S3,South,37.0,M,Grocery,Product_75,5,69.17,0.2,276.68,18.4,Card,Yes
100432,2025-06-07 09:43:47.027027,S3,South,46.0,F,Home,Product_82,4,204.4,0.15,694.96,115.68,UPI,No
100433,2025-06-07 18:28:28.108108,S1,East,68.0,M,Electronics,Product_65,1,187.0,0.05,177.65,41.4,Cash,Yes
100434,2025-06-08 03:13:09.189189,S1,North,21.0,M,Home,Product_63,8,258.22,0.0,2065.76,508.02,UPI,No
100435,2025-06-08 11:57:50.270270,S3,North,24.0,M,Clothing,Product_99,5,103.07,0.05,489.58,120.62,Cash,No
100436,2025-06-08 20:42:31.351351,S1,South,45.0,F,Electronics,Product_35,2,254.32,0.1,457.78,92.5,UPI,No
100437,2025-06-09 05:27:12.432432,S4,East,45.0,F,Electronics,Product_31,5,297.89,0.1,1340.5,273.93,UPI,No
100438,2025-06-09 14:11:53.513513,S3,North,21.0,M,Home,Product_28,5,139.5,0.05,662.62,146.66,Card,Yes
100439,2025-06-09 22:56:34.594594,S1,East,39.0,M,Home,Product_1,4,128.91,0.05,489.86,115.4,Card,No
100440,2025-06-10 07:41:15.675675,S1,West,29.0,M,Electronics,Product_25,6,207.26,0.0,1243.56,276.99,UPI,No
100441,2025-06-10 16:25:56.756756,S4,North,62.0,M,Home,Product_43,5,158.83,0.0,794.15,153.63,Card,No
100442,2025-06-11 01:10:37.837837,S2,East,20.0,F,Grocery,Product_84,9,23.82,0.05,203.66,26.9,UPI,No
100443,2025-06-11 09:55:18.918918,S2,South,39.0,F,Electronics,Product_67,1,389.2,0.0,389.2,92.96,Card,Yes
100444,2025-06-11 18:40:00.000000,S4,West,,M,Electronics,Product_63,1,389.36,0.05,369.89,67.82,UPI,Yes
100445,2025-06-12 03:24:41.081081,S4,North,19.0,F,Home,Product_51,2,200.55,0.05,381.04,91.68,UPI,No
100446,2025-06-12 12:09:22.162162,S4,East,41.0,M,Electronics,Product_2,6,422.28,0.1,2280.31,422.45,UPI,No
100447,2025-06-12 20:54:03.243243,S3,West,51.0,F,Home,Product_82,5,302.4,0.0,1512.0,414.75,Cash,Yes
100448,2025-06-13 05:38:44.324324,S2,West,44.0,F,Electronics,Product_64,8,352.92,0.15,2399.86,318.52,Card,Yes
100449,2025-06-13 14:23:25.405405,S1,East,58.0,M,Clothing,Product_74,6,119.03,0.1,642.76,159.33,Card,Yes
100450,2025-06-13 23:08:06.486486,S3,South,18.0,F,Home,Product_69,4,134.87,0.1,485.53,101.33,Card,No
100451,2025-06-14 07:52:47.567567,S3,East,25.0,M,Home,Product_9,10,318.46,0.1,2866.14,556.62,Cash,No
100452,2025-06-14 16:37:28.648648,S2,West,40.0,M,Home,Product_2,2,57.26,0.0,114.52,26.81,UPI,No
100453,2025-06-15 01:22:09.729729,S4,East,55.0,M,Grocery,Product_34,7,31.15,0.05,207.15,34.09,UPI,No
100454,2025-06-15 10:06:50.810810,S1,North,23.0,M,Home,Product_60,4,266.54,0.2,852.93,155.74,Card,Yes
100455,2025-06-15 18:51:31.891891,S2,West,39.0,F,Home,Product_61,5,74.03,0.15,314.63,60.18,UPI,Yes
100456,2025-06-16 03:36:12.972972,S1,East,42.0,F,Electronics,Product_31,6,214.11,0.2,1027.73,145.83,Card,No
100457,2025-06-16 12:20:54.054054,S2,East,35.0,F,Clothing,Product_10,5,114.29,0.1,514.31,118.31,UPI,No
100458,2025-06-16 21:05:35.135135,S1,North,34.0,F,Electronics,Product_76,2,346.0,0.0,692.0,146.26,Cash,Yes
100459,2025-06-17 05:50:16.216216,S1,East,29.0,F,Home,Product_36,4,271.68,0.0,1086.72,254.46,UPI,No
100460,2025-06-17 14:34:57.297297,S1,South,23.0,M,Clothing,Product_85,5,150.02,0.1,675.09,155.02,UPI,No
100461,2025-06-17 23:19:38.378378,S3,East,43.0,M,Clothing,Product_49,7,40.57,0.05,269.79,73.35,UPI,No
100462,2025-06-18 08:04:19.459459,S3,North,44.0,M,Electronics,Product_70,4,156.43,0.0,625.72,146.5,UPI,Yes
100463,2025-06-18 16:49:00.540540,S3,East,,F,Home,Product_49,8,256.89,0.15,1746.85,287.33,Card,Yes
100464,2025-06-19 01:33:41.621621,S4,West,36.0,F,Grocery,Product_3,4,27.6,0.05,104.88,14.9,UPI,Yes
100465,2025-06-19 10:18:22.702702,S2,North,59.0,M,Clothing,Product_74,4,120.16,0.05,456.61,112.23,Card,No
100466,2025-06-19 19:03:03.783783,S2,West,18.0,F,Grocery,Product_5,7,16.29,0.15,96.93,11.51,Card,No
100467,2025-06-20 03:47:44.864864,S4,South,46.0,F,Electronics,Product_90,5,314.16,0.15,1335.18,168.68,Card,Yes
100468,2025-06-20 12:32:25.945945,S1,West,62.0,F,Clothing,Product_61,10,100.71,0.05,956.74,231.93,UPI,Yes
100469,2025-06-20 21:17:07.027027,S4,West,66.0,M,Grocery,Product_85,5,48.88,0.15,207.74,19.17,Card,No
100470,2025-06-21 06:01:48.108108,S1,East,52.0,M,Clothing,Product_90,4,102.11,0.15,347.17,79.16,UPI,No
100471,2025-06-21 14:46:29.189189,S4,East,57.0,M,Grocery,Product_26,1,42.18,0.05,40.07,6.39,Card,No
100472,2025-06-21 23:31:10.270270,S1,West,31.0,M,Electronics,Product_72,3,266.46,0.0,799.38,168.47,Card,Yes
100473,2025-06-22 08:15:51.351351,S4,South,52.0,M,Electronics,Product_5,3,174.91,0.0,524.73,104.28,UPI,Yes
100474,2025-06-22 17:00:32.432432,S2,South,65.0,F,Grocery,Product_15,6,11.71,0.05,66.75,10.08,Card,Yes
100475,2025-06-23 01:45:13.513513,S4,East,62.0,M,Electronics,Product_16,2,301.82,0.05,573.46,108.22,UPI,Yes
100476,2025-06-23 10:29:54.594594,S1,West,37.0,F,Grocery,Product_1,2,31.68,0.2,50.69,6.73,UPI,No
100477,2025-06-23 19:14:35.675675,S3,East,66.0,F,Grocery,Product_16,2,43.71,0.15,74.31,10.4,Cash,Yes
100478,2025-06-24 03:59:16.756756,S4,West,30.0,F,Electronics,Product_37,2,256.69,0.15,436.37,63.79,UPI,Yes
100479,2025-06-24 12:43:57.837837,S2,South,55.0,M,Clothing,Product_3,3,130.07,0.2,312.17,63.47,Card,No
100480,2025-06-24 21:28:38.918918,S3,West,66.0,F,Electronics,Product_52,8,452.38,0.15,3076.18,550.28,Card,Yes
100481,2025-06-25 06:13:20.000000,S3,North,63.0,F,Clothing,Product_47,6,67.82,0.05,386.57,95.17,Card,No
100482,2025-06-25 14:58:01.081081,S2,East,66.0,M,Electronics,Product_95,6,217.54,0.0,1305.24,250.16,Cash,Yes
100483,2025-06-25 23:42:42.162162,S3,North,25.0,M,Electronics,Product_13,7,190.66,0.1,1201.16,173.04,Card,No
100484,2025-06-26 08:27:23.243243,S3,South,60.0,F,Clothing,Product_80,2,118.6,0.05,225.34,64.32,Card,Yes
100485,2025-06-26 17:12:04.324324,S4,South,37.0,M,Clothing,Product_55,8,91.02,0.05,691.75,177.21,Card,No
100486,2025-06-27 01:56:45.405405,S1,South,50.0,M,Grocery,Product_21,2,19.1,0.1,34.38,5.01,Cash,Yes
100487,2025-06-27 10:41:26.486486,S2,East,43.0,M,Home,Product_66,3,245.94,0.2,590.26,93.57,Card,No
100488,2025-06-27 19:26:07.567567,S4,South,56.0,M,Home,Product_54,5,94.54,0.05,449.06,91.9,Cash,No
100489,2025-06-28 04:10:48.648648,S4,South,38.0,F,Clothing,Product_27,1,108.69,0.15,92.39,18.33,Card,Yes
100490,2025-06-28 12:55:29.729729,S2,North,70.0,M,Grocery,Product_38,6,44.54,0.0,267.24,40.94,Card,Yes
100491,2025-06-28 21:40:10.810810,S3,South,66.0,F,Clothing,Product_90,3,137.48,0.1,371.2,95.4,Card,No
100492,2025-06-29 06:24:51.891891,S1,North,59.0,F,Home,Product_58,7,66.53,0.0,465.71,130.33,UPI,No
100493,2025-06-29 15:09:32.972972,S1,North,60.0,F,Grocery,Product_62,4,71.59,0.15,243.41,29.39,Cash,Yes
100494,2025-06-29 23:54:14.054054,S2,East,58.0,F,Clothing,Product_46,2,132.48,0.0,264.96,66.15,Card,Yes
100495,2025-06-30 08:38:55.135135,S2,East,26.0,F,Home,Product_89,6,114.84,0.1,620.14,136.39,Card,Yes
100496,2025-06-30 17:23:36.216216,S3,East,41.0,M,Grocery,Product_11,2,18.76,0.0,37.52,7.7,UPI,Yes
100497,2025-07-01 02:08:17.297297,S1,South,54.0,F,Grocery,Product_72,4,37.37,0.0,149.48,29.81,Card,No
100498,2025-07-01 10:52:58.378378,S4,South,66.0,F,Home,Product_8,1,295.27,0.05,280.51,64.35,Card,No
100499,2025-07-01 19:37:39.459459,S4,West,58.0,F,Electronics,Product_97,5,445.03,0.05,2113.89,412.86,Card,No
100500,2025-07-02 04:22:20.540540,S3,South,34.0,F,Clothing,Product_71,5,103.27,0.0,516.35,144.19,Card,No
100501,2025-07-02 13:07:01.621621,S2,South,41.0,M,Electronics,Product_64,3,451.28,0.05,1286.15,288.75,Card,No
100502,2025-07-02 21:51:42.702702,S2,North,38.0,M,Home,Product_21,9,51.63,0.1,418.2,94.18,Card,No
100503,2025-07-03 06:36:23.783783,S4,South,68.0,F,Electronics,Product_72,8,162.31,0.1,1168.63,201.34,Card,Yes
100504,2025-07-03 15:21:04.864864,S3,South,56.0,M,Grocery,Product_63,6,73.39,0.0,440.34,75.64,Cash,Yes
100505,2025-07-04 00:05:45.945945,S1,South,,F,Electronics,Product_85,6,421.37,0.1,2275.4,387.65,Card,No
100506,2025-07-04 08:50:27.027027,S4,East,56.0,M,Electronics,Product_64,2,307.75,0.0,615.5,122.3,UPI,Yes
100507,2025-07-04 17:35:08.108108,S4,East,30.0,M,Clothing,Product_20,5,140.58,0.05,667.76,191.67,Card,Yes
100508,2025-07-05 02:19:49.189189,S4,East,28.0,M,Home,Product_8,2,336.69,0.0,673.38,157.73,UPI,Yes
100509,2025-07-05 11:04:30.270270,S3,East,63.0,M,Electronics,Product_58,2,420.23,0.1,756.41,143.57,Card,Yes
100510,2025-07-05 19:49:11.351351,S3,West,36.0,F,Clothing,Product_46,10,154.78,0.0,1547.8,412.91,UPI,No
100511,2025-07-06 04:33:52.432432,S2,East,28.0,M,Clothing,Product_31,5,141.7,0.2,566.8,107.95,Card,No
100512,2025-07-06 13:18:33.513513,S4,West,30.0,F,Electronics,Product_93,4,208.87,0.05,793.71,156.93,Cash,Yes
100513,2025-07-06 22:03:14.594594,S4,North,63.0,F,Electronics,Product_9,3,441.75,0.0,1325.25,306.01,Card,Yes
100514,2025-07-07 06:47:55.675675,S1,North,62.0,M,Grocery,Product_15,5,19.63,0.0,98.15,17.16,Card,No
100515,2025-07-07 15:32:36.756756,S1,North,18.0,F,Clothing,Product_94,1,162.82,0.15,138.4,27.29,Cash,Yes
100516,2025-07-08 00:17:17.837837,S2,East,57.0,F,Electronics,Product_26,1,310.53,0.1,279.48,50.41,UPI,No
100517,2025-07-08 09:01:58.918918,S4,West,61.0,F,Home,Product_10,1,253.09,0.1,227.78,44.34,Card,No
100518,2025-07-08 17:46:40.000000,S4,North,36.0,M,Grocery,Product_29,4,42.29,0.2,135.33,17.71,Cash,Yes
100519,2025-07-09 02:31:21.081081,S1,West,29.0,F,Home,Product_80,5,78.2,0.2,312.8,51.55,Card,No
100520,2025-07-09 11:16:02.162162,S3,North,25.0,F,Clothing,Product_36,1,66.52,0.1,59.87,13.57,Card,No
100521,2025-07-09 20:00:43.243243,S2,West,25.0,M,Grocery,Product_84,6,78.78,0.0,472.68,103.75,Cash,Yes
100522,2025-07-10 04:45:24.324324,S4,South,70.0,M,Grocery,Product_37,2,77.05,0.15,130.98,17.65,Card,Yes
100523,2025-07-10 13:30:05.405405,S4,North,62.0,F,Home,Product_86,6,146.15,0.0,876.9,203.5,Cash,No
100524,2025-07-10 22:14:46.486486,S4,South,29.0,M,Clothing,Product_71,10,179.41,0.1,1614.69,361.98,Card,Yes
100525,2025-07-11 06:59:27.567567,S2,North,65.0,F,Home,Product_23,6,303.67,0.1,1639.82,359.91,UPI,No
100526,2025-07-11 15:44:08.648648,S2,South,50.0,M,Home,Product_41,8,233.29,0.15,1586.37,302.79,UPI,No
100527,2025-07-12 00:28:49.729729,S1,South,62.0,F,Electronics,Product_93,9,164.04,0.05,1402.54,305.48,Cash,Yes
100528,2025-07-12 09:13:30.810810,S1,West,43.0,F,Clothing,Product_80,4,164.23,0.1,591.23,134.06,UPI,Yes
100529,2025-07-12 17:58:11.891891,S4,East,56.0,M,Grocery,Product_28,6,46.81,0.2,224.69,25.62,Card,No
100530,2025-07-13 02:42:52.972972,S4,South,45.0,M,Home,Product_48,7,310.54,0.0,2173.78,446.13,UPI,Yes
100531,2025-07-13 11:27:34.054054,S4,East,22.0,F,Clothing,Product_38,3,153.51,0.05,437.5,112.4,Card,No
100532,2025-07-13 20:12:15.135135,S4,East,25.0,F,Home,Product_31,2,299.9,0.1,539.82,106.7,UPI,No
100533,2025-07-14 04:56:56.216216,S3,South,42.0,F,Electronics,Product_14,9,394.36,0.2,2839.39,371.67,Cash,No
100534,2025-07-14 13:41:37.297297,S3,South,44.0,M,Clothing,Product_97,6,66.63,0.0,399.78,111.12,UPI,Yes
100535,2025-07-14 22:26:18.378378,S4,North,63.0,M,Home,Product_73,2,150.85,0.0,301.7,82.29,UPI,No
100536,2025-07-15 07:10:59.459459,S4,North,40.0,M,Electronics,Product_91,4,257.96,0.0,1031.84,203.19,Card,No
100537,2025-07-15 15:55:40.540540,S1,East,47.0,F,Electronics,Product_88,7,157.02,0.0,1099.14,193.71,UPI,No
100538,2025-07-16 00:40:21.621621,S2,North,62.0,M,Grocery,Product_77,4,48.69,0.2,155.81,12.35,Card,No
100539,2025-07-16 09:25:02.702702,S1,East,64.0,M,Electronics,Product_90,5,394.59,0.1,1775.66,355.93,UPI,No
100540,2025-07-16 18:09:43.783783,S4,East,40.0,F,Electronics,Product_29,6,448.85,0.1,2423.79,356.54,Card,No
100541,2025-07-17 02:54:24.864864,S3,North,66.0,F,Grocery,Product_51,5,15.51,0.05,73.67,10.94,UPI,Yes
100542,2025-07-17 11:39:05.945945,S1,East,64.0,M,Home,Product_49,4,213.25,0.15,725.05,149.93,Card,No
100543,2025-07-17 20:23:47.027027,S3,North,37.0,M,Home,Product_43,6,52.4,0.0,314.4,78.23,UPI,Yes
100544,2025-07-18 05:08:28.108108,S3,West,35.0,F,Grocery,Product_92,6,12.13,0.05,69.14,12.62,Card,Yes
100545,2025-07-18 13:53:09.189189,S2,South,35.0,F,Electronics,Product_92,5,168.97,0.05,802.61,127.86,Cash,No
100546,2025-07-18 22:37:50.270270,S1,West,19.0,M,Home,Product_72,3,267.64,0.0,802.92,195.57,Card,Yes
100547,2025-07-19 07:22:31.351351,S3,East,21.0,F,Clothing,Product_87,3,32.97,0.05,93.96,26.94,UPI,No
100548,2025-07-19 16:07:12.432432,S2,North,,F,Grocery,Product_93,10,58.73,0.05,557.93,76.69,Card,No
100549,2025-07-20 00:51:53.513513,S3,East,50.0,M,Clothing,Product_5,1,59.94,0.0,59.94,18.02,UPI,Yes
100550,2025-07-20 09:36:34.594594,S2,West,53.0,M,Home,Product_42,2,313.31,0.0,626.62,153.7,Card,No
100551,2025-07-20 18:21:15.675675,S4,East,35.0,M,Clothing,Product_7,4,150.1,0.15,510.34,116.71,UPI,No
100552,2025-07-21 03:05:56.756756,S3,West,54.0,F,Clothing,Product_42,7,173.25,0.0,1212.75,370.24,Card,No
100553,2025-07-21 11:50:37.837837,S3,West,36.0,M,Home,Product_36,2,315.13,0.2,504.21,90.05,UPI,No
100554,2025-07-21 20:35:18.918918,S4,North,64.0,F,Home,Product_27,3,330.0,0.0,990.0,235.79,Card,No
100555,2025-07-22 05:20:00.000000,S2,North,45.0,F,Home,Product_58,1,307.62,0.15,261.48,52.62,Card,Yes
100556,2025-07-22 14:04:41.081081,S1,East,57.0,M,Clothing,Product_46,6,130.94,0.15,667.79,138.07,UPI,Yes
100557,2025-07-22 22:49:22.162162,S1,South,37.0,F,Clothing,Product_66,2,47.24,0.2,75.58,15.53,Card,No
100558,2025-07-23 07:34:03.243243,S3,West,66.0,F,Home,Product_25,3,131.51,0.15,335.35,55.32,Card,No
100559,2025-07-23 16:18:44.324324,S3,West,50.0,M,Grocery,Product_73,4,20.95,0.0,83.8,15.13,Cash,Yes
100560,2025-07-24 01:03:25.405405,S3,South,29.0,M,Home,Product_27,8,231.08,0.05,1756.21,445.7,Cash,No
100561,2025-07-24 09:48:06.486486,S1,North,68.0,M,Grocery,Product_1,3,42.77,0.05,121.89,18.77,UPI,No
100562,2025-07-24 18:32:47.567567,S1,West,32.0,F,Grocery,Product_87,2,70.03,0.0,140.06,28.27,Card,No
100563,2025-07-25 03:17:28.648648,S1,South,58.0,F,Clothing,Product_74,4,172.43,0.0,689.72,235.79,Card,No
100564,2025-07-25 12:02:09.729729,S2,West,56.0,M,Home,Product_42,10,171.46,0.15,1457.41,276.06,UPI,No
100565,2025-07-25 20:46:50.810810,S3,South,19.0,F,Grocery,Product_52,5,42.98,0.1,193.41,29.45,Card,No
100566,2025-07-26 05:31:31.891891,S2,East,46.0,F,Home,Product_25,10,341.45,0.1,3073.05,674.65,Cash,No
100567,2025-07-26 14:16:12.972972,S2,North,58.0,F,Grocery,Product_54,7,25.72,0.2,144.03,15.05,Card,No
100568,2025-07-26 23:00:54.054054,S4,East,27.0,M,Home,Product_67,1,287.72,0.1,258.95,58.46,Cash,No
100569,2025-07-27 07:45:35.135135,S2,South,19.0,M,Clothing,Product_6,5,56.04,0.1,252.18,59.27,UPI,No
100570,2025-07-27 16:30:16.216216,S2,East,68.0,M,Electronics,Product_58,3,388.51,0.15,990.7,145.38,UPI,No
100571,2025-07-28 01:14:57.297297,S4,North,28.0,F,Clothing,Product_70,4,60.58,0.0,242.32,60.45,Card,Yes
100572,2025-07-28 09:59:38.378378,S2,East,30.0,M,Grocery,Product_53,3,71.28,0.05,203.15,31.11,Cash,Yes
100573,2025-07-28 18:44:19.459459,S3,West,27.0,F,Home,Product_66,3,218.44,0.2,524.26,98.58,Card,No
100574,2025-07-29 03:29:00.540540,S4,North,31.0,M,Clothing,Product_58,9,49.75,0.2,358.2,64.91,UPI,Yes
100575,2025-07-29 12:13:41.621621,S4,North,35.0,M,Grocery,Product_82,2,21.83,0.15,37.11,4.64,UPI,Yes
100576,2025-07-29 20:58:22.702702,S1,North,68.0,M,Home,Product_87,8,198.15,0.05,1505.94,342.66,Card,Yes
100577,2025-07-30 05:43:03.783783,S4,East,26.0,F,Clothing,Product_2,1,173.86,0.15,147.78,30.68,Card,Yes
100578,2025-07-30 14:27:44.864864,S2,East,56.0,M,Home,Product_76,1,280.89,0.0,280.89,59.81,UPI,Yes
100579,2025-07-30 23:12:25.945945,S1,East,45.0,M,Home,Product_22,7,196.49,0.0,1375.43,381.35,Card,Yes
100580,2025-07-31 07:57:07.027027,S2,North,20.0,F,Electronics,Product_37,5,268.2,0.05,1273.95,267.97,UPI,No
100581,2025-07-31 16:41:48.108108,S4,South,37.0,M,Clothing,Product_20,6,107.88,0.05,614.92,192.66,Card,No
100582,2025-08-01 01:26:29.189189,S2,East,23.0,M,Clothing,Product_24,2,139.74,0.0,279.48,84.29,Card,No
100583,2025-08-01 10:11:10.270270,S2,South,44.0,F,Clothing,Product_84,4,145.43,0.05,552.63,158.5,UPI,Yes
100584,2025-08-01 18:55:51.351351,S3,West,70.0,M,Clothing,Product_65,6,71.94,0.0,431.64,105.76,UPI,No
100585,2025-08-02 03:40:32.432432,S1,North,19.0,M,Clothing,Product_65,5,135.39,0.05,643.1,144.48,Card,No
100586,2025-08-02 12:25:13.513513,S1,East,46.0,M,Electronics,Product_81,4,380.23,0.15,1292.78,207.94,Cash,No
100587,2025-08-02 21:09:54.594594,S1,South,55.0,M,Clothing,Product_1,9,173.46,0.1,1405.03,304.94,Cash,Yes
100588,2025-08-03 05:54:35.675675,S1,South,20.0,M,Electronics,Product_94,5,475.88,0.0,2379.4,491.05,UPI,No
100589,2025-08-03 14:39:16.756756,S1,East,33.0,M,Clothing,Product_3,8,146.3,0.05,1111.88,345.27,Card,No
100590,2025-08-03 23:23:57.837837,S1,East,47.0,M,Grocery,Product_46,6,59.25,0.1,319.95,52.41,Card,No
100591,2025-08-04 08:08:38.918918,S3,West,57.0,M,Home,Product_55,6,132.21,0.05,753.6,159.23,UPI,No
100592,2025-08-04 16:53:20.000000,S1,North,19.0,F,Clothing,Product_75,1,155.35,0.05,147.58,31.39,UPI,No
100593,2025-08-05 01:38:01.081081,S2,North,34.0,M,Electronics,Product_88,3,299.63,0.1,809.0,129.12,Card,No
100594,2025-08-05 10:22:42.162162,S4,East,58.0,M,Electronics,Product_86,7,245.28,0.2,1373.57,176.99,UPI,No
100595,2025-08-05 19:07:23.243243,S2,East,29.0,F,Clothing,Product_64,2,81.47,0.0,162.94,44.58,Card,Yes
100596,2025-08-06 03:52:04.324324,S3,South,52.0,F,Electronics,Product_45,1,442.58,0.05,420.45,73.33,Card,No
100597,2025-08-06 12:36:45.405405,S1,North,60.0,M,Clothing,Product_26,3,43.78,0.05,124.77,35.26,UPI,No
100598,2025-08-06 21:21:26.486486,S1,North,,F,Electronics,Product_77,2,309.66,0.1,557.39,92.4,UPI,No
100599,2025-08-07 06:06:07.567567,S1,West,62.0,M,Grocery,Product_65,9,41.93,0.0,377.37,72.82,Card,Yes
100600,2025-08-07 14:50:48.648648,S1,North,32.0,M,Clothing,Product_24,8,25.86,0.0,206.88,58.15,UPI,Yes
100601,2025-08-07 23:35:29.729729,S1,South,43.0,F,Electronics,Product_74,4,218.51,0.0,874.04,208.69,Cash,No
100602,2025-08-08 08:20:10.810810,S1,North,54.0,M,Home,Product_35,1,298.02,0.2,238.42,39.4,UPI,No
100603,2025-08-08 17:04:51.891891,S1,South,38.0,M,Clothing,Product_24,6,152.92,0.1,825.77,182.91,UPI,No
100604,2025-08-09 01:49:32.972972,S1,North,66.0,M,Electronics,Product_28,5,252.35,0.1,1135.58,190.81,Card,No
100605,2025-08-09 10:34:14.054054,S2,South,48.0,F,Clothing,Product_100,10,159.98,0.15,1359.83,283.27,Card,Yes
100606,2025-08-09 19:18:55.135135,S1,North,42.0,M,Home,Product_80,4,281.53,0.0,1126.12,328.03,Card,No
100607,2025-08-10 04:03:36.216216,S2,West,40.0,F,Home,Product_16,3,175.37,0.15,447.19,85.65,UPI,No
100608,2025-08-10 12:48:17.297297,S2,North,41.0,M,Electronics,Product_59,4,411.94,0.1,1482.98,267.07,UPI,No
100609,2025-08-10 21:32:58.378378,S3,East,55.0,F,Clothing,Product_81,10,173.81,0.05,1651.2,458.44,Card,Yes
100610,2025-08-11 06:17:39.459459,S1,West,45.0,F,Electronics,Product_54,6,310.64,0.15,1584.26,253.48,Card,No
100611,2025-08-11 15:02:20.540540,S4,East,38.0,F,Electronics,Product_79,5,233.45,0.15,992.16,181.0,Card,No
100612,2025-08-11 23:47:01.621621,S3,East,60.0,F,Grocery,Product_16,2,75.64,0.15,128.59,14.47,Card,No
100613,2025-08-12 08:31:42.702702,S1,South,35.0,F,Home,Product_15,6,231.12,0.0,1386.72,333.54,Cash,No
100614,2025-08-12 17:16:23.783783,S4,South,53.0,M,Clothing,Product_98,6,36.84,0.2,176.83,31.9,UPI,Yes
100615,2025-08-13 02:01:04.864864,S4,East,52.0,M,Home,Product_11,3,221.8,0.2,532.32,110.19,Card,Yes
100616,2025-08-13 10:45:45.945945,S1,West,62.0,M,Electronics,Product_65,4,325.2,0.05,1235.76,245.43,UPI,No
100617,2025-08-13 19:30:27.027027,S1,East,26.0,F,Grocery,Product_79,3,69.17,0.0,207.51,32.48,UPI,No
100618,2025-08-14 04:15:08.108108,S4,East,70.0,F,Electronics,Product_90,2,335.74,0.0,671.48,150.37,UPI,Yes
100619,2025-08-14 12:59:49.189189,S3,East,55.0,M,Electronics,Product_68,1,239.33,0.2,191.46,24.32,Card,No
100620,2025-08-14 21:44:30.270270,S1,South,47.0,M,Clothing,Product_43,3,128.1,0.1,345.87,80.31,Card,No
100621,2025-08-15 06:29:11.351351,S1,North,61.0,M,Home,Product_69,4,212.77,0.05,808.53,190.99,Card,No
100622,2025-08-15 15:13:52.432432,S2,East,51.0,F,Clothing,Product_99,1,57.29,0.0,57.29,17.78,UPI,Yes
100623,2025-08-15 23:58:33.513513,S2,West,49.0,M,Electronics,Product_13,3,350.77,0.0,1052.31,233.65,UPI,No
100624,2025-08-16 08:43:14.594594,S3,North,,F,Clothing,Product_10,8,151.45,0.1,1090.44,246.2,UPI,Yes
100625,2025-08-16 17:27:55.675675,S2,East,20.0,F,Clothing,Product_75,5,24.57,0.05,116.71,29.17,Card,Yes
100626,2025-08-17 02:12:36.756756,S2,North,45.0,M,Electronics,Product_82,5,370.8,0.2,1483.2,227.12,Card,Yes
100627,2025-08-17 10:57:17.837837,S3,East,61.0,M,Grocery,Product_98,3,31.22,0.1,84.29,8.5,Card,No
100628,2025-08-17 19:41:58.918918,S1,North,32.0,M,Electronics,Product_41,5,252.44,0.15,1072.87,149.29,Cash,Yes
100629,2025-08-18 04:26:40.000000,S1,South,58.0,M,Clothing,Product_50,2,82.81,0.0,165.62,47.08,Card,No
100630,2025-08-18 13:11:21.081081,S3,East,40.0,M,Home,Product_87,7,152.61,0.0,1068.27,230.6,Card,No
100631,2025-08-18 21:56:02.162162,S4,South,57.0,M,Electronics,Product_71,1,441.28,0.05,419.22,81.22,Cash,No
100632,2025-08-19 06:40:43.243243,S2,East,28.0,F,Home,Product_59,5,132.44,0.05,629.09,138.67,UPI,No
100633,2025-08-19 15:25:24.324324,S2,West,65.0,M,Grocery,Product_39,3,59.99,0.0,179.97,35.55,UPI,No
100634,2025-08-20 00:10:05.405405,S1,West,49.0,M,Electronics,Product_3,6,182.92,0.2,878.02,118.53,Card,No
100635,2025-08-20 08:54:46.486486,S2,North,53.0,F,Grocery,Product_76,4,76.35,0.05,290.13,53.31,UPI,No
100636,2025-08-20 17:39:27.567567,S2,South,50.0,F,Clothing,Product_7,4,119.57,0.0,478.28,134.67,Card,No
100637,2025-08-21 02:24:08.648648,S1,North,41.0,M,Electronics,Product_49,2,397.35,0.0,794.7,203.07,UPI,Yes
100638,2025-08-21 11:08:49.729729,S1,West,56.0,F,Clothing,Product_26,5,67.69,0.0,338.45,85.37,Card,Yes
100639,2025-08-21 19:53:30.810810,S2,West,51.0,M,Clothing,Product_33,10,85.94,0.2,687.52,159.74,Card,No
100640,2025-08-22 04:38:11.891891,S1,East,45.0,F,Home,Product_48,7,117.13,0.0,819.91,198.24,UPI,No
100641,2025-08-22 13:22:52.972972,S2,West,54.0,F,Home,Product_79,1,329.76,0.05,313.27,81.29,UPI,No
100642,2025-08-22 22:07:34.054054,S1,East,24.0,F,Grocery,Product_2,3,41.61,0.1,112.35,18.39,UPI,No
100643,2025-08-23 06:52:15.135135,S2,East,21.0,M,Grocery,Product_71,9,52.28,0.0,470.52,57.86,Card,Yes
100644,2025-08-23 15:36:56.216216,S1,North,54.0,F,Home,Product_32,4,270.28,0.0,1081.12,280.64,Card,No
100645,2025-08-24 00:21:37.297297,S4,East,18.0,M,Home,Product_4,5,161.33,0.0,806.65,217.76,UPI,Yes
100646,2025-08-24 09:06:18.378378,S3,North,18.0,M,Clothing,Product_20,8,135.22,0.05,1027.67,294.5,UPI,No
100647,2025-08-24 17:50:59.459459,S3,West,64.0,M,Clothing,Product_36,8,128.16,0.0,1025.28,262.95,Cash,No
100648,2025-08-25 02:35:40.540540,S4,West,37.0,M,Electronics,Product_32,4,396.98,0.0,1587.92,368.09,UPI,No
100649,2025-08-25 11:20:21.621621,S2,East,36.0,M,Home,Product_28,4,196.77,0.15,669.02,129.72,UPI,Yes
100650,2025-08-25 20:05:02.702702,S1,North,46.0,F,Clothing,Product_77,3,81.27,0.0,243.81,70.37,Cash,No
100651,2025-08-26 04:49:43.783783,S2,South,27.0,F,Electronics,Product_1,6,227.73,0.15,1161.42,209.03,Card,No
100652,2025-08-26 13:34:24.864864,S3,North,,M,Electronics,Product_60,3,438.62,0.15,1118.48,204.83,Card,No
100653,2025-08-26 22:19:05.945945,S3,South,45.0,M,Clothing,Product_56,2,117.34,0.05,222.95,55.04,Card,No
100654,2025-08-27 07:03:47.027027,S2,North,52.0,M,Home,Product_35,3,183.31,0.05,522.43,122.93,Card,Yes
100655,2025-08-27 15:48:28.108108,S1,West,60.0,M,Clothing,Product_30,2,171.04,0.0,342.08,96.06,UPI,No
100656,2025-08-28 00:33:09.189189,S2,East,64.0,M,Home,Product_54,6,64.35,0.1,347.49,71.31,UPI,No
100657,2025-08-28 09:17:50.270270,S2,South,48.0,F,Clothing,Product_36,5,156.03,0.1,702.14,166.49,UPI,Yes
100658,2025-08-28 18:02:31.351351,S3,South,44.0,M,Home,Product_55,4,349.27,0.1,1257.37,268.98,Card,No
100659,2025-08-29 02:47:12.432432,S3,South,28.0,M,Electronics,Product_89,3,460.43,0.0,1381.29,287.25,UPI,No
100660,2025-08-29 11:31:53.513513,S2,East,66.0,M,Electronics,Product_80,8,433.65,0.2,2775.36,437.57,Card,No
100661,2025-08-29 20:16:34.594594,S4,South,66.0,F,Home,Product_58,1,162.29,0.0,162.29,44.69,UPI,No
100662,2025-08-30 05:01:15.675675,S3,West,55.0,F,Clothing,Product_83,6,57.01,0.05,324.96,79.16,Card,No
100663,2025-08-30 13:45:56.756756,S1,South,22.0,F,Electronics,Product_65,8,407.2,0.05,3094.72,700.54,UPI,No
100664,2025-08-30 22:30:37.837837,S1,West,25.0,F,Clothing,Product_69,4,68.73,0.0,274.92,72.48,Card,No
100665,2025-08-31 07:15:18.918918,S1,West,51.0,M,Electronics,Product_51,4,211.61,0.05,804.12,175.26,Card,No
100666,2025-08-31 16:00:00.000000,S1,North,65.0,M,Clothing,Product_22,9,145.84,0.15,1115.68,274.82,UPI,No
100667,2025-09-01 00:44:41.081081,S1,West,69.0,F,Clothing,Product_88,2,70.01,0.15,119.02,25.96,Cash,No
100668,2025-09-01 09:29:22.162162,S1,North,29.0,M,Home,Product_53,4,324.33,0.15,1102.72,191.64,UPI,No
100669,2025-09-01 18:14:03.243243,S2,West,55.0,F,Home,Product_100,4,302.19,0.05,1148.32,250.59,UPI,No
100670,2025-09-02 02:58:44.324324,S1,South,18.0,M,Electronics,Product_36,2,446.67,0.1,804.01,150.54,Cash,No
100671,2025-09-02 11:43:25.405405,S4,West,48.0,M,Grocery,Product_68,7,62.87,0.0,440.09,96.51,Cash,No
100672,2025-09-02 20:28:06.486486,S1,West,21.0,F,Clothing,Product_36,8,160.94,0.05,1223.14,276.61,UPI,Yes
100673,2025-09-03 05:12:47.567567,S2,West,66.0,F,Home,Product_52,7,291.72,0.0,2042.04,514.6,UPI,Yes
100674,2025-09-03 13:57:28.648648,S2,West,62.0,F,Home,Product_53,2,230.75,0.05,438.42,100.06,Card,Yes
100675,2025-09-03 22:42:09.729729,S4,South,67.0,M,Home,Product_82,1,138.75,0.05,131.81,29.11,Cash,No
100676,2025-09-04 07:26:50.810810,S1,North,22.0,M,Clothing,Product_50,5,162.11,0.05,770.02,198.96,Card,Yes
100677,2025-09-04 16:11:31.891891,S2,South,47.0,M,Clothing,Product_80,1,154.5,0.1,139.05,31.86,Cash,Yes
100678,2025-09-05 00:56:12.972972,S4,North,41.0,M,Electronics,Product_41,5,315.51,0.2,1262.04,208.06,Card,Yes
100679,2025-09-05 09:40:54.054054,S4,East,20.0,M,Electronics,Product_18,4,163.68,0.05,621.98,141.1,Card,No
100680,2025-09-05 18:25:35.135135,S4,South,28.0,M,Clothing,Product_22,5,122.17,0.2,488.68,98.6,UPI,Yes
100681,2025-09-06 03:10:16.216216,S1,West,62.0,M,Clothing,Product_66,5,28.1,0.15,119.42,25.94,Card,No
100682,2025-09-06 11:54:57.297297,S1,East,21.0,M,Clothing,Product_21,4,168.2,0.05,639.16,159.88,Card,Yes
100683,2025-09-06 20:39:38.378378,S3,West,43.0,M,Electronics,Product_100,2,486.57,0.1,875.83,159.23,UPI,No
100684,2025-09-07 05:24:19.459459,S4,North,44.0,M,Home,Product_44,3,106.85,0.0,320.55,91.98,UPI,No
100685,2025-09-07 14:09:00.540540,S3,West,63.0,M,Grocery,Product_47,4,55.73,0.15,189.48,22.34,UPI,No
100686,2025-09-07 22:53:41.621621,S3,West,60.0,M,Grocery,Product_39,5,11.92,0.1,53.64,6.61,Card,No
100687,2025-09-08 07:38:22.702702,S1,South,44.0,M,Clothing,Product_29,6,136.72,0.2,656.26,126.03,UPI,No
100688,2025-09-08 16:23:03.783783,S3,East,59.0,F,Home,Product_54,6,154.19,0.1,832.63,187.4,Card,No
100689,2025-09-09 01:07:44.864864,S1,East,68.0,M,Grocery,Product_90,10,56.08,0.15,476.68,50.36,Card,Yes
100690,2025-09-09 09:52:25.945945,S2,North,67.0,M,Clothing,Product_85,3,79.66,0.15,203.13,44.55,UPI,No
100691,2025-09-09 18:37:07.027027,S2,South,23.0,M,Clothing,Product_17,1,43.29,0.05,41.13,11.08,Cash,Yes
100692,2025-09-10 03:21:48.108108,S2,South,32.0,F,Grocery,Product_80,3,35.46,0.0,106.38,17.78,UPI,No
100693,2025-09-10 12:06:29.189189,S1,North,70.0,F,Clothing,Product_60,6,38.03,0.05,216.77,48.71,UPI,Yes
100694,2025-09-10 20:51:10.270270,S1,South,47.0,F,Clothing,Product_31,4,112.3,0.05,426.74,101.81,Card,No
100695,2025-09-11 05:35:51.351351,S3,North,59.0,F,Electronics,Product_73,7,164.33,0.0,1150.31,233.31,UPI,No
100696,2025-09-11 14:20:32.432432,S2,North,54.0,M,Electronics,Product_95,4,334.56,0.15,1137.5,176.79,Card,No
100697,2025-09-11 23:05:13.513513,S3,North,54.0,F,Grocery,Product_78,9,71.48,0.05,611.15,98.33,Cash,No
100698,2025-09-12 07:49:54.594594,S1,West,59.0,F,Home,Product_49,9,301.36,0.2,2169.79,404.61,UPI,No
100699,2025-09-12 16:34:35.675675,S2,East,54.0,M,Clothing,Product_2,1,161.25,0.15,137.06,26.79,UPI,No
100700,2025-09-13 01:19:16.756756,S2,West,52.0,M,Electronics,Product_48,4,472.72,0.1,1701.79,329.41,UPI,No
100701,2025-09-13 10:03:57.837837,S1,South,40.0,M,Clothing,Product_14,5,36.72,0.2,146.88,28.29,UPI,Yes
100702,2025-09-13 18:48:38.918918,S2,South,23.0,F,Home,Product_59,2,88.62,0.05,168.38,32.71,UPI,Yes
100703,2025-09-14 03:33:20.000000,S1,South,21.0,F,Electronics,Product_97,3,344.95,0.15,879.62,140.98,Card,No
100704,2025-09-14 12:18:01.081081,S1,South,,F,Grocery,Product_99,5,72.05,0.05,342.24,63.77,Card,No
100705,2025-09-14 21:02:42.162162,S4,North,26.0,M,Electronics,Product_58,2,491.02,0.05,932.94,203.07,UPI,No
100706,2025-09-15 05:47:23.243243,S2,East,66.0,M,Clothing,Product_58,5,27.4,0.05,130.15,33.64,Cash,Yes
100707,2025-09-15 14:32:04.324324,S4,North,46.0,M,Home,Product_51,6,156.73,0.05,893.36,225.59,Card,Yes
100708,2025-09-15 23:16:45.405405,S1,East,30.0,M,Electronics,Product_84,1,224.51,0.1,202.06,37.15,Card,Yes
100709,2025-09-16 08:01:26.486486,S3,East,64.0,F,Grocery,Product_2,4,61.7,0.05,234.46,42.11,Card,No
100710,2025-09-16 16:46:07.567567,S3,North,69.0,F,Home,Product_41,2,242.06,0.05,459.91,90.5,UPI,No
100711,2025-09-17 01:30:48.648648,S3,North,34.0,M,Home,Product_83,6,85.97,0.2,412.66,59.84,Card,No
100712,2025-09-17 10:15:29.729729,S2,West,62.0,F,Electronics,Product_82,2,319.23,0.1,574.61,111.81,Card,No
100713,2025-09-17 19:00:10.810810,S2,South,49.0,M,Electronics,Product_16,8,389.9,0.05,2963.24,683.87,UPI,Yes
100714,2025-09-18 03:44:51.891891,S2,North,65.0,F,Electronics,Product_4,4,422.65,0.1,1521.54,286.58,UPI,Yes
100715,2025-09-18 12:29:32.972972,S4,West,39.0,M,Clothing,Product_12,2,23.21,0.15,39.46,8.29,Card,Yes
100716,2025-09-18 21:14:14.054054,S4,North,21.0,M,Home,Product_29,4,317.14,0.2,1014.85,155.26,Card,No
100717,2025-09-19 05:58:55.135135,S4,East,22.0,M,Grocery,Product_7,3,47.7,0.05,135.95,20.89,UPI,Yes
100718,2025-09-19 14:43:36.216216,S1,West,54.0,M,Home,Product_14,4,293.57,0.0,1174.28,322.07,UPI,No
100719,2025-09-19 23:28:17.297297,S3,North,58.0,M,Grocery,Product_12,5,65.6,0.05,311.6,47.72,Cash,No
100720,2025-09-20 08:12:58.378378,S4,North,66.0,F,Home,Product_99,4,106.96,0.05,406.45,102.0,UPI,Yes
100721,2025-09-20 16:57:39.459459,S1,North,30.0,F,Clothing,Product_5,2,37.63,0.15,63.97,14.91,Card,Yes
100722,2025-09-21 01:42:20.540540,S1,South,51.0,F,Electronics,Product_81,1,402.45,0.05,382.33,89.57,UPI,Yes
100723,2025-09-21 10:27:01.621621,S3,North,,M,Home,Product_32,6,96.93,0.2,465.26,80.96,Card,No
100724,2025-09-21 19:11:42.702702,S3,East,39.0,F,Electronics,Product_74,4,447.48,0.05,1700.42,338.4,Card,No
100725,2025-09-22 03:56:23.783783,S4,North,70.0,M,Electronics,Product_43,3,404.17,0.2,970.01,157.1,Cash,Yes
100726,2025-09-22 12:41:04.864864,S1,South,40.0,M,Clothing,Product_81,7,154.69,0.0,1082.83,282.94,UPI,No
100727,2025-09-22 21:25:45.945945,S4,West,68.0,F,Grocery,Product_69,3,27.43,0.15,69.95,7.77,Card,No
100728,2025-09-23 06:10:27.027027,S1,West,20.0,F,Electronics,Product_45,7,260.81,0.2,1460.54,155.4,Card,No
100729,2025-09-23 14:55:08.108108,S1,East,59.0,M,Home,Product_9,3,251.37,0.2,603.29,87.42,Card,No
100730,2025-09-23 23:39:49.189189,S1,South,51.0,M,Home,Product_49,1,59.43,0.0,59.43,17.14,Card,No
100731,2025-09-24 08:24:30.270270,S4,East,49.0,F,Clothing,Product_33,9,136.24,0.0,1226.16,360.3,UPI,No
100732,2025-09-24 17:09:11.351351,S3,East,62.0,M,Electronics,Product_100,3,442.52,0.1,1194.8,182.31,Card,No
100733,2025-09-25 01:53:52.432432,S2,South,68.0,M,Electronics,Product_100,7,295.31,0.0,2067.17,504.18,Cash,Yes
100734,2025-09-25 10:38:33.513513,S2,North,66.0,M,Home,Product_18,3,279.46,0.0,838.38,197.8,Card,No
100735,2025-09-25 19:23:14.594594,S4,West,38.0,M,Home,Product_9,5,102.38,0.0,511.9,134.54,UPI,No
100736,2025-09-26 04:07:55.675675,S2,South,63.0,M,Grocery,Product_62,8,29.17,0.05,221.69,38.25,Cash,No
100737,2025-09-26 12:52:36.756756,S4,North,61.0,M,Home,Product_57,1,342.29,0.05,325.18,85.62,UPI,No
100738,2025-09-26 21:37:17.837837,S2,South,,F,Electronics,Product_29,7,495.21,0.0,3466.47,725.34,Card,No
100739,2025-09-27 06:21:58.918918,S2,South,61.0,M,Electronics,Product_78,5,329.41,0.0,1647.05,337.97,Card,Yes
100740,2025-09-27 15:06:40.000000,S2,West,28.0,F,Home,Product_25,5,330.28,0.05,1568.83,276.46,Card,Yes
100741,2025-09-27 23:51:21.081081,S2,East,56.0,F,Electronics,Product_15,4,332.96,0.1,1198.66,212.84,Cash,Yes
100742,2025-09-28 08:36:02.162162,S3,East,21.0,F,Clothing,Product_6,8,66.65,0.0,533.2,157.03,Cash,No
100743,2025-09-28 17:20:43.243243,S2,North,68.0,M,Clothing,Product_42,1,62.7,0.05,59.56,16.51,Cash,Yes
100744,2025-09-29 02:05:24.324324,S1,South,18.0,M,Electronics,Product_29,2,475.33,0.2,760.53,125.52,UPI,Yes
100745,2025-09-29 10:50:05.405405,S4,South,45.0,F,Electronics,Product_79,8,210.36,0.2,1346.3,196.29,Card,Yes
100746,2025-09-29 19:34:46.486486,S2,North,41.0,F,Clothing,Product_93,6,112.74,0.2,541.15,113.69,Cash,Yes
100747,2025-09-30 04:19:27.567567,S3,North,52.0,M,Electronics,Product_4,1,344.43,0.15,292.77,47.24,Cash,Yes
100748,2025-09-30 13:04:08.648648,S4,East,30.0,F,Electronics,Product_82,4,408.87,0.05,1553.71,332.73,Card,Yes
100749,2025-09-30 21:48:49.729729,S3,North,64.0,M,Home,Product_57,4,199.77,0.1,719.17,137.59,Card,No
100750,2025-10-01 06:33:30.810810,S1,East,51.0,M,Home,Product_49,3,131.69,0.05,375.32,75.75,UPI,Yes
100751,2025-10-01 15:18:11.891891,S4,North,28.0,M,Electronics,Product_44,3,209.29,0.1,565.08,92.35,Card,Yes
100752,2025-10-02 00:02:52.972972,S3,North,53.0,M,Home,Product_80,6,236.25,0.05,1346.62,315.48,Card,No
100753,2025-10-02 08:47:34.054054,S2,North,68.0,M,Clothing,Product_75,2,135.04,0.1,243.07,52.01,Cash,No
100754,2025-10-02 17:32:15.135135,S1,West,34.0,F,Clothing,Product_14,7,111.12,0.05,738.95,182.77,Cash,Yes
100755,2025-10-03 02:16:56.216216,S4,West,52.0,F,Grocery,Product_3,7,60.38,0.0,422.66,71.0,Card,Yes
100756,2025-10-03 11:01:37.297297,S3,West,35.0,M,Home,Product_62,3,92.46,0.15,235.77,48.48,Card,No
100757,2025-10-03 19:46:18.378378,S2,South,57.0,M,Home,Product_64,3,314.74,0.0,944.22,248.52,Cash,Yes
100758,2025-10-04 04:30:59.459459,S4,North,39.0,M,Electronics,Product_45,3,353.84,0.0,1061.52,235.03,UPI,Yes
100759,2025-10-04 13:15:40.540540,S4,East,41.0,M,Electronics,Product_82,4,194.4,0.0,777.6,178.09,Card,Yes
100760,2025-10-04 22:00:21.621621,S1,South,36.0,F,Grocery,Product_58,6,39.64,0.05,225.95,38.28,UPI,Yes
100761,2025-10-05 06:45:02.702702,S2,West,54.0,F,Clothing,Product_20,3,155.17,0.0,465.51,126.96,Cash,No
100762,2025-10-05 15:29:43.783783,S1,North,56.0,F,Electronics,Product_58,5,464.15,0.2,1856.6,239.78,Cash,No
100763,2025-10-06 00:14:24.864864,S3,South,38.0,F,Home,Product_89,3,129.39,0.05,368.76,96.15,Card,No
100764,2025-10-06 08:59:05.945945,S1,North,25.0,M,Grocery,Product_57,3,58.34,0.05,166.27,18.33,Card,No
100765,2025-10-06 17:43:47.027027,S3,South,45.0,M,Grocery,Product_77,1,12.5,0.05,11.88,1.72,Cash,No
100766,2025-10-07 02:28:28.108108,S3,East,22.0,M,Clothing,Product_68,1,25.37,0.1,22.83,5.39,Card,No
100767,2025-10-07 11:13:09.189189,S4,South,34.0,M,Grocery,Product_78,2,47.03,0.15,79.95,10.49,UPI,No
100768,2025-10-07 19:57:50.270270,S2,South,,F,Electronics,Product_97,3,393.19,0.1,1061.61,215.2,Card,Yes
100769,2025-10-08 04:42:31.351351,S4,South,53.0,M,Electronics,Product_92,7,428.53,0.1,2699.74,586.21,Card,No
100770,2025-10-08 13:27:12.432432,S1,South,36.0,M,Home,Product_52,7,152.06,0.2,851.54,143.2,Card,No
100771,2025-10-08 22:11:53.513513,S4,West,,F,Electronics,Product_37,2,152.28,0.15,258.88,41.29,Card,Yes
100772,2025-10-09 06:56:34.594594,S1,West,,F,Clothing,Product_8,2,96.72,0.1,174.1,43.05,Cash,No
100773,2025-10-09 15:41:15.675675,S2,West,51.0,F,Home,Product_44,2,54.76,0.0,109.52,26.22,Card,No
100774,2025-10-10 00:25:56.756756,S4,West,28.0,M,Clothing,Product_98,3,34.72,0.1,93.74,20.28,Cash,Yes
100775,2025-10-10 09:10:37.837837,S1,South,62.0,M,Electronics,Product_5,4,264.34,0.05,1004.49,198.96,Cash,Yes
100776,2025-10-10 17:55:18.918918,S1,East,,M,Electronics,Product_69,4,303.01,0.1,1090.84,212.61,Card,No
100777,2025-10-11 02:40:00.000000,S3,South,29.0,M,Clothing,Product_31,2,64.72,0.15,110.02,23.67,UPI,No
100778,2025-10-11 11:24:41.081081,S3,North,38.0,M,Clothing,Product_45,2,113.1,0.1,203.58,50.54,Card,No
100779,2025-10-11 20:09:22.162162,S3,West,28.0,M,Home,Product_9,1,66.6,0.15,56.61,8.64,UPI,Yes
100780,2025-10-12 04:54:03.243243,S3,North,56.0,F,Home,Product_32,2,93.37,0.0,186.74,46.75,UPI,Yes
100781,2025-10-12 13:38:44.324324,S3,West,45.0,M,Clothing,Product_33,6,131.24,0.0,787.44,214.13,Card,No
100782,2025-10-12 22:23:25.405405,S1,South,22.0,F,Grocery,Product_67,2,15.66,0.0,31.32,4.84,Card,Yes
100783,2025-10-13 07:08:06.486486,S2,East,34.0,F,Electronics,Product_30,4,373.92,0.2,1196.54,183.24,UPI,No
100784,2025-10-13 15:52:47.567567,S1,East,37.0,M,Electronics,Product_76,5,169.14,0.15,718.84,141.55,Cash,No
100785,2025-10-14 00:37:28.648648,S4,West,58.0,F,Grocery,Product_29,8,35.55,0.1,255.96,40.9,Card,No
100786,2025-10-14 09:22:09.729729,S3,East,,M,Clothing,Product_3,8,48.39,0.1,348.41,90.96,UPI,Yes
100787,2025-10-14 18:06:50.810810,S2,East,29.0,M,Grocery,Product_90,6,13.22,0.1,71.39,11.01,Card,Yes
100788,2025-10-15 02:51:31.891891,S2,North,23.0,F,Clothing,Product_57,1,110.73,0.2,88.58,18.86,UPI,Yes
100789,2025-10-15 11:36:12.972972,S4,South,34.0,M,Home,Product_30,5,328.5,0.15,1396.12,215.02,Card,No
100790,2025-10-15 20:20:54.054054,S1,North,68.0,F,Clothing,Product_9,7,28.77,0.1,181.25,43.04,UPI,No
100791,2025-10-16 05:05:35.135135,S3,East,36.0,M,Clothing,Product_26,1,87.45,0.1,78.7,19.69,Card,No
100792,2025-10-16 13:50:16.216216,S2,South,43.0,F,Clothing,Product_2,4,133.21,0.0,532.84,154.86,UPI,Yes
100793,2025-10-16 22:34:57.297297,S3,East,65.0,M,Home,Product_62,7,188.81,0.1,1189.5,280.05,Cash,Yes
100794,2025-10-17 07:19:38.378378,S1,North,61.0,M,Clothing,Product_3,4,149.04,0.05,566.35,135.56,UPI,No
100795,2025-10-17 16:04:19.459459,S4,North,61.0,M,Grocery,Product_46,1,18.47,0.0,18.47,3.55,UPI,No
100796,2025-10-18 00:49:00.540540,S4,East,69.0,F,Electronics,Product_68,1,485.86,0.15,412.98,57.28,UPI,No
100797,2025-10-18 09:33:41.621621,S3,North,49.0,F,Electronics,Product_25,3,284.81,0.05,811.71,158.91,Cash,Yes
100798,2025-10-18 18:18:22.702702,S3,North,23.0,F,Clothing,Product_51,2,74.65,0.2,119.44,23.74,UPI,No
100799,2025-10-19 03:03:03.783783,S4,North,53.0,M,Home,Product_13,5,312.38,0.0,1561.9,417.42,Cash,No
100800,2025-10-19 11:47:44.864864,S3,West,,F,Grocery,Product_44,6,47.29,0.05,269.55,47.14,UPI,No
100801,2025-10-19 20:32:25.945945,S1,East,28.0,F,Clothing,Product_35,2,102.63,0.05,195.0,51.17,UPI,No
100802,2025-10-20 05:17:07.027027,S3,South,50.0,F,Home,Product_55,8,268.09,0.0,2144.72,443.87,Card,Yes
100803,2025-10-20 14:01:48.108108,S3,South,41.0,M,Clothing,Product_87,4,112.77,0.05,428.53,115.23,UPI,Yes
100804,2025-10-20 22:46:29.189189,S2,South,,F,Home,Product_9,2,98.75,0.0,197.5,48.32,Card,Yes
100805,2025-10-21 07:31:10.270270,S3,West,32.0,F,Grocery,Product_2,6,55.56,0.0,333.36,69.28,Cash,No
100806,2025-10-21 16:15:51.351351,S4,East,44.0,M,Electronics,Product_61,7,196.71,0.0,1376.97,334.7,UPI,No
100807,2025-10-22 01:00:32.432432,S4,North,28.0,F,Clothing,Product_41,5,148.94,0.0,744.7,194.55,Cash,No
100808,2025-10-22 09:45:13.513513,S2,North,,F,Grocery,Product_44,7,79.23,0.1,499.15,75.69,Card,Yes
100809,2025-10-22 18:29:54.594594,S1,North,67.0,M,Grocery,Product_64,6,33.3,0.0,199.8,38.37,Card,No
100810,2025-10-23 03:14:35.675675,S4,East,34.0,M,Clothing,Product_31,8,91.16,0.1,656.35,164.47,Cash,No
100811,2025-10-23 11:59:16.756756,S4,East,68.0,M,Clothing,Product_47,4,27.43,0.15,93.26,21.26,Card,Yes
100812,2025-10-23 20:43:57.837837,S1,North,,F,Electronics,Product_2,6,154.81,0.05,882.42,187.61,UPI,No
100813,2025-10-24 05:28:38.918918,S4,North,31.0,F,Clothing,Product_96,10,167.43,0.2,1339.44,308.11,Cash,Yes
100814,2025-10-24 14:13:20.000000,S4,North,44.0,M,Grocery,Product_82,6,14.65,0.1,79.11,10.2,UPI,Yes
100815,2025-10-24 22:58:01.081081,S2,West,35.0,F,Home,Product_77,1,183.73,0.1,165.36,31.73,Card,Yes
100816,2025-10-25 07:42:42.162162,S3,South,45.0,F,Electronics,Product_69,4,435.37,0.0,1741.48,410.39,Cash,No
100817,2025-10-25 16:27:23.243243,S2,East,68.0,M,Electronics,Product_58,5,461.26,0.15,1960.36,239.82,Card,No
100818,2025-10-26 01:12:04.324324,S1,East,64.0,F,Electronics,Product_44,2,331.79,0.15,564.04,97.62,Cash,Yes
100819,2025-10-26 09:56:45.405405,S2,South,64.0,F,Electronics,Product_74,10,347.76,0.05,3303.72,692.26,Card,No
100820,2025-10-26 18:41:26.486486,S4,North,21.0,F,Electronics,Product_56,2,384.39,0.0,768.78,133.07,UPI,No
100821,2025-10-27 03:26:07.567567,S1,North,24.0,F,Clothing,Product_43,2,173.82,0.05,330.26,81.66,Card,No
100822,2025-10-27 12:10:48.648648,S2,East,62.0,F,Electronics,Product_89,8,360.93,0.1,2598.7,549.68,UPI,Yes
100823,2025-10-27 20:55:29.729729,S2,West,52.0,F,Electronics,Product_34,4,345.82,0.05,1314.12,224.53,Card,No
100824,2025-10-28 05:40:10.810810,S2,East,65.0,M,Clothing,Product_30,1,22.33,0.1,20.1,4.91,Cash,No
100825,2025-10-28 14:24:51.891891,S4,East,26.0,F,Electronics,Product_71,5,178.33,0.0,891.65,178.24,UPI,Yes
100826,2025-10-28 23:09:32.972972,S2,North,25.0,F,Electronics,Product_70,5,352.01,0.15,1496.04,218.15,Card,Yes
100827,2025-10-29 07:54:14.054054,S2,West,69.0,F,Clothing,Product_55,1,169.8,0.0,169.8,54.05,UPI,No
100828,2025-10-29 16:38:55.135135,S3,West,62.0,M,Electronics,Product_67,10,453.34,0.0,4533.4,1008.54,UPI,Yes
100829,2025-10-30 01:23:36.216216,S2,South,34.0,F,Clothing,Product_13,4,177.21,0.1,637.96,159.71,Card,No
100830,2025-10-30 10:08:17.297297,S1,West,34.0,M,Electronics,Product_3,4,334.74,0.0,1338.96,291.56,Card,Yes
100831,2025-10-30 18:52:58.378378,S2,East,66.0,F,Home,Product_26,4,286.38,0.0,1145.52,251.67,Card,No
100832,2025-10-31 03:37:39.459459,S1,East,50.0,M,Grocery,Product_57,5,68.03,0.0,340.15,53.17,Card,Yes
100833,2025-10-31 12:22:20.540540,S1,East,49.0,M,Home,Product_24,2,244.41,0.05,464.38,117.75,Card,Yes
100834,2025-10-31 21:07:01.621621,S2,West,25.0,M,Clothing,Product_53,3,74.2,0.2,178.08,36.16,Card,Yes
100835,2025-11-01 05:51:42.702702,S2,East,36.0,M,Grocery,Product_70,4,40.25,0.15,136.85,14.31,UPI,No
100836,2025-11-01 14:36:23.783783,S4,North,55.0,F,Home,Product_43,7,307.38,0.05,2044.08,469.24,UPI,No
100837,2025-11-01 23:21:04.864864,S2,South,20.0,F,Electronics,Product_60,1,254.49,0.0,254.49,59.36,Card,Yes
100838,2025-11-02 08:05:45.945945,S3,West,22.0,F,Clothing,Product_58,5,167.8,0.05,797.05,214.48,Cash,Yes
100839,2025-11-02 16:50:27.027027,S3,North,30.0,M,Grocery,Product_49,7,22.24,0.1,140.11,17.46,Cash,No
100840,2025-11-03 01:35:08.108108,S1,South,64.0,M,Clothing,Product_42,2,139.92,0.05,265.85,60.75,Card,No
100841,2025-11-03 10:19:49.189189,S3,South,63.0,F,Electronics,Product_76,1,370.7,0.0,370.7,78.54,Card,No
100842,2025-11-03 19:04:30.270270,S1,South,48.0,F,Home,Product_100,3,274.88,0.0,824.64,224.45,Cash,Yes
100843,2025-11-04 03:49:11.351351,S4,East,33.0,M,Home,Product_66,5,181.2,0.15,770.1,159.48,UPI,No
100844,2025-11-04 12:33:52.432432,S1,West,,M,Electronics,Product_11,2,476.42,0.05,905.2,188.47,Card,No
100845,2025-11-04 21:18:33.513513,S2,North,49.0,M,Clothing,Product_98,4,121.2,0.15,412.08,89.25,UPI,No
100846,2025-11-05 06:03:14.594594,S1,North,39.0,F,Electronics,Product_90,4,250.9,0.05,953.42,180.83,UPI,No
100847,2025-11-05 14:47:55.675675,S4,North,46.0,F,Home,Product_18,5,241.54,0.0,1207.7,298.25,Card,Yes
100848,2025-11-05 23:32:36.756756,S2,West,39.0,M,Electronics,Product_85,3,250.39,0.05,713.61,153.88,UPI,Yes
100849,2025-11-06 08:17:17.837837,S3,East,60.0,M,Clothing,Product_100,3,66.98,0.05,190.89,53.49,UPI,No
100850,2025-11-06 17:01:58.918918,S1,South,20.0,F,Grocery,Product_52,6,34.97,0.0,209.82,36.67,UPI,No
100851,2025-11-07 01:46:40.000000,S3,West,27.0,M,Clothing,Product_46,9,156.39,0.0,1407.51,465.5,Cash,No
100852,2025-11-07 10:31:21.081081,S1,West,59.0,M,Home,Product_44,8,200.09,0.0,1600.72,403.14,Card,No
100853,2025-11-07 19:16:02.162162,S4,West,38.0,F,Clothing,Product_22,5,128.62,0.0,643.1,175.61,UPI,No
100854,2025-11-08 04:00:43.243243,S1,West,33.0,M,Electronics,Product_53,3,287.19,0.05,818.49,187.85,Card,Yes
100855,2025-11-08 12:45:24.324324,S1,North,29.0,M,Home,Product_59,3,129.08,0.2,309.79,40.04,Card,Yes
100856,2025-11-08 21:30:05.405405,S1,East,19.0,F,Electronics,Product_94,2,484.12,0.05,919.83,192.8,Card,Yes
100857,2025-11-09 06:14:46.486486,S2,South,58.0,F,Clothing,Product_30,1,116.57,0.1,104.91,25.03,Card,Yes
100858,2025-11-09 14:59:27.567567,S3,West,41.0,F,Electronics,Product_8,6,476.88,0.05,2718.22,622.37,Card,No
100859,2025-11-09 23:44:08.648648,S1,East,52.0,F,Home,Product_98,2,111.02,0.05,210.94,51.07,Card,Yes
100860,2025-11-10 08:28:49.729729,S3,West,47.0,F,Grocery,Product_57,2,16.02,0.0,32.04,5.86,Card,Yes
100861,2025-11-10 17:13:30.810810,S2,East,,F,Grocery,Product_73,10,69.19,0.05,657.3,113.88,UPI,Yes
100862,2025-11-11 01:58:11.891891,S2,North,64.0,M,Clothing,Product_20,2,128.95,0.05,245.0,58.53,Card,Yes
100863,2025-11-11 10:42:52.972972,S2,East,52.0,F,Electronics,Product_25,2,215.3,0.0,430.6,103.06,UPI,Yes
100864,2025-11-11 19:27:34.054054,S2,West,36.0,F,Clothing,Product_19,1,63.1,0.15,53.64,10.36,Card,No
100865,2025-11-12 04:12:15.135135,S3,West,67.0,M,Grocery,Product_5,5,65.05,0.05,308.99,51.65,Card,Yes
100866,2025-11-12 12:56:56.216216,S1,North,,M,Electronics,Product_75,5,308.85,0.05,1467.04,294.45,Card,No
100867,2025-11-12 21:41:37.297297,S1,North,43.0,M,Grocery,Product_79,3,55.29,0.0,165.87,24.01,Card,No
100868,2025-11-13 06:26:18.378378,S4,North,66.0,M,Clothing,Product_72,4,70.94,0.1,255.38,61.64,UPI,No
100869,2025-11-13 15:10:59.459459,S4,East,57.0,M,Grocery,Product_83,7,33.59,0.15,199.86,25.11,Card,Yes
100870,2025-11-13 23:55:40.540540,S2,West,24.0,F,Grocery,Product_87,7,79.3,0.0,555.1,92.65,Cash,Yes
100871,2025-11-14 08:40:21.621621,S1,North,47.0,F,Home,Product_27,9,124.29,0.0,1118.61,257.0,Cash,Yes
100872,2025-11-14 17:25:02.702702,S3,South,24.0,M,Clothing,Product_40,7,101.03,0.05,671.85,181.29,Card,No
100873,2025-11-15 02:09:43.783783,S2,West,20.0,M,Electronics,Product_96,5,445.54,0.0,2227.7,506.24,UPI,No
100874,2025-11-15 10:54:24.864864,S1,East,18.0,M,Clothing,Product_26,2,58.28,0.1,104.9,25.65,Card,No
100875,2025-11-15 19:39:05.945945,S1,East,53.0,F,Clothing,Product_27,1,86.43,0.1,77.79,18.68,UPI,No
100876,2025-11-16 04:23:47.027027,S3,East,42.0,M,Electronics,Product_62,1,365.28,0.0,365.28,76.22,UPI,No
100877,2025-11-16 13:08:28.108108,S3,South,54.0,M,Clothing,Product_83,5,96.99,0.0,484.95,157.82,Card,No
100878,2025-11-16 21:53:09.189189,S1,South,18.0,M,Clothing,Product_50,7,93.52,0.1,589.18,137.89,Card,Yes
100879,2025-11-17 06:37:50.270270,S1,East,32.0,M,Home,Product_42,4,158.75,0.0,635.0,147.76,Card,No
100880,2025-11-17 15:22:31.351351,S1,East,54.0,M,Home,Product_29,1,225.99,0.0,225.99,56.74,Card,No
100881,2025-11-18 00:07:12.432432,S3,West,30.0,F,Electronics,Product_39,4,368.53,0.15,1253.0,195.95,UPI,Yes
100882,2025-11-18 08:51:53.513513,S1,East,57.0,F,Grocery,Product_60,9,54.0,0.05,461.7,70.9,Card,Yes
100883,2025-11-18 17:36:34.594594,S1,East,25.0,F,Electronics,Product_41,5,174.63,0.05,829.49,196.99,Card,No
100884,2025-11-19 02:21:15.675675,S4,North,22.0,M,Clothing,Product_33,7,120.97,0.0,846.79,217.97,UPI,Yes
100885,2025-11-19 11:05:56.756756,S1,South,26.0,F,Clothing,Product_83,7,172.52,0.1,1086.88,261.66,UPI,Yes
100886,2025-11-19 19:50:37.837837,S3,North,18.0,F,Home,Product_83,9,212.3,0.05,1815.16,378.91,Card,No
100887,2025-11-20 04:35:18.918918,S1,North,,M,Electronics,Product_97,6,400.34,0.2,1921.63,248.24,UPI,Yes
100888,2025-11-20 13:20:00.000000,S1,East,52.0,F,Clothing,Product_16,6,109.08,0.1,589.03,161.82,UPI,No
100889,2025-11-20 22:04:41.081081,S1,West,19.0,M,Home,Product_23,2,306.42,0.0,612.84,156.66,UPI,No
100890,2025-11-21 06:49:22.162162,S3,North,,F,Electronics,Product_7,1,475.35,0.05,451.58,92.75,UPI,No
100891,2025-11-21 15:34:03.243243,S4,South,40.0,M,Home,Product_26,4,105.27,0.05,400.03,84.49,UPI,Yes
100892,2025-11-22 00:18:44.324324,S4,West,26.0,F,Grocery,Product_96,2,37.76,0.05,71.74,10.87,Card,No
100893,2025-11-22 09:03:25.405405,S2,North,51.0,M,Grocery,Product_12,10,34.43,0.15,292.66,45.79,UPI,No
100894,2025-11-22 17:48:06.486486,S3,East,63.0,F,Electronics,Product_72,3,291.83,0.1,787.94,149.7,Cash,Yes
100895,2025-11-23 02:32:47.567567,S1,East,31.0,F,Electronics,Product_5,7,193.93,0.0,1357.51,289.43,UPI,Yes
100896,2025-11-23 11:17:28.648648,S2,East,21.0,F,Clothing,Product_92,3,150.18,0.1,405.49,100.89,Card,No
100897,2025-11-23 20:02:09.729729,S4,North,47.0,M,Clothing,Product_69,3,25.72,0.0,77.16,22.02,Card,Yes
100898,2025-11-24 04:46:50.810810,S1,South,48.0,M,Electronics,Product_49,9,334.88,0.15,2561.83,366.88,Cash,Yes
100899,2025-11-24 13:31:31.891891,S1,West,55.0,F,Electronics,Product_26,3,381.66,0.1,1030.48,177.89,Card,Yes
100900,2025-11-24 22:16:12.972972,S1,East,28.0,M,Grocery,Product_5,3,20.56,0.05,58.6,12.02,Card,Yes
100901,2025-11-25 07:00:54.054054,S1,North,52.0,M,Grocery,Product_22,1,72.94,0.0,72.94,13.7,Card,Yes
100902,2025-11-25 15:45:35.135135,S1,East,25.0,F,Electronics,Product_79,5,443.49,0.15,1884.83,242.43,Cash,No
100903,2025-11-26 00:30:16.216216,S3,North,20.0,F,Clothing,Product_13,3,95.37,0.15,243.19,55.98,Card,No
100904,2025-11-26 09:14:57.297297,S2,East,31.0,M,Clothing,Product_28,5,85.78,0.05,407.46,116.56,Card,Yes
100905,2025-11-26 17:59:38.378378,S4,North,30.0,M,Electronics,Product_33,5,232.8,0.0,1164.0,235.03,UPI,No
100906,2025-11-27 02:44:19.459459,S4,West,62.0,M,Home,Product_23,6,269.0,0.1,1452.6,291.77,Card,No
100907,2025-11-27 11:29:00.540540,S2,South,49.0,F,Home,Product_97,6,89.52,0.0,537.12,149.9,Cash,No
100908,2025-11-27 20:13:41.621621,S1,South,51.0,F,Grocery,Product_18,4,56.02,0.0,224.08,40.49,UPI,No
100909,2025-11-28 04:58:22.702702,S2,North,62.0,F,Home,Product_30,3,302.74,0.0,908.22,224.46,UPI,No
100910,2025-11-28 13:43:03.783783,S3,South,36.0,F,Clothing,Product_26,7,56.56,0.0,395.92,100.28,Cash,No
100911,2025-11-28 22:27:44.864864,S1,West,55.0,M,Home,Product_16,3,309.93,0.05,883.3,222.07,Cash,No
100912,2025-11-29 07:12:25.945945,S3,West,33.0,M,Electronics,Product_77,4,161.66,0.2,517.31,70.47,Card,No
100913,2025-11-29 15:57:07.027027,S2,South,19.0,M,Home,Product_39,3,323.84,0.1,874.37,145.65,Card,Yes
100914,2025-11-30 00:41:48.108108,S3,South,,M,Clothing,Product_33,7,38.94,0.0,272.58,67.75,UPI,Yes
100915,2025-11-30 09:26:29.189189,S2,East,34.0,F,Electronics,Product_26,4,376.02,0.05,1428.88,269.73,Card,No
100916,2025-11-30 18:11:10.270270,S2,West,51.0,F,Electronics,Product_48,3,237.53,0.05,676.96,120.87,Cash,No
100917,2025-12-01 02:55:51.351351,S4,East,59.0,M,Electronics,Product_65,6,442.79,0.0,2656.74,535.81,Cash,No
100918,2025-12-01 11:40:32.432432,S3,South,33.0,M,Grocery,Product_38,5,43.42,0.2,173.68,25.51,Card,No
100919,2025-12-01 20:25:13.513513,S1,South,55.0,F,Electronics,Product_2,1,197.33,0.05,187.46,40.14,Cash,Yes
100920,2025-12-02 05:09:54.594594,S4,East,19.0,F,Electronics,Product_6,4,349.85,0.2,1119.52,99.03,Card,No
100921,2025-12-02 13:54:35.675675,S2,North,19.0,M,Clothing,Product_46,6,85.26,0.05,485.98,123.3,UPI,Yes
100922,2025-12-02 22:39:16.756756,S4,East,43.0,F,Home,Product_50,10,248.43,0.1,2235.87,465.53,Card,Yes
100923,2025-12-03 07:23:57.837837,S4,South,30.0,F,Electronics,Product_38,5,458.67,0.0,2293.35,436.79,Cash,No
100924,2025-12-03 16:08:38.918918,S2,West,64.0,M,Grocery,Product_88,3,35.7,0.05,101.74,17.37,UPI,Yes
100925,2025-12-04 00:53:20.000000,S1,North,48.0,F,Grocery,Product_18,2,26.74,0.0,53.48,7.44,UPI,No
100926,2025-12-04 09:38:01.081081,S1,East,51.0,M,Clothing,Product_27,8,22.32,0.15,151.78,36.72,Cash,No
100927,2025-12-04 18:22:42.162162,S3,South,56.0,F,Home,Product_41,7,222.45,0.15,1323.58,289.64,UPI,Yes
100928,2025-12-05 03:07:23.243243,S3,East,20.0,F,Electronics,Product_72,2,290.8,0.15,494.36,102.36,Card,No
100929,2025-12-05 11:52:04.324324,S1,North,25.0,F,Clothing,Product_92,2,79.94,0.1,143.89,30.0,Cash,No
100930,2025-12-05 20:36:45.405405,S1,East,40.0,F,Home,Product_74,6,104.88,0.15,534.89,86.96,UPI,Yes
100931,2025-12-06 05:21:26.486486,S4,East,31.0,M,Electronics,Product_17,3,300.52,0.0,901.56,210.83,Cash,Yes
100932,2025-12-06 14:06:07.567567,S4,East,44.0,F,Electronics,Product_62,3,494.55,0.05,1409.47,315.23,Cash,No
100933,2025-12-06 22:50:48.648648,S2,East,46.0,F,Home,Product_29,2,139.33,0.1,250.79,56.72,Card,No
100934,2025-12-07 07:35:29.729729,S1,East,,F,Electronics,Product_58,2,359.9,0.1,647.82,130.6,Card,Yes
100935,2025-12-07 16:20:10.810810,S1,West,70.0,F,Grocery,Product_70,4,63.24,0.1,227.66,38.14,Card,Yes
100936,2025-12-08 01:04:51.891891,S1,North,56.0,F,Electronics,Product_78,6,412.21,0.0,2473.26,554.12,UPI,No
100937,2025-12-08 09:49:32.972972,S4,West,18.0,F,Home,Product_22,3,148.63,0.0,445.89,109.58,Card,No
100938,2025-12-08 18:34:14.054054,S1,South,34.0,M,Clothing,Product_6,3,117.74,0.2,282.58,48.78,UPI,Yes
100939,2025-12-09 03:18:55.135135,S3,North,58.0,F,Home,Product_26,3,311.38,0.1,840.73,171.54,Card,No
100940,2025-12-09 12:03:36.216216,S1,North,47.0,F,Clothing,Product_39,4,22.47,0.0,89.88,24.91,Card,No
100941,2025-12-09 20:48:17.297297,S3,South,70.0,F,Clothing,Product_12,2,89.72,0.15,152.52,30.66,Card,No
100942,2025-12-10 05:32:58.378378,S3,West,30.0,F,Grocery,Product_99,4,21.82,0.2,69.82,6.93,Card,Yes
100943,2025-12-10 14:17:39.459459,S4,East,,M,Clothing,Product_14,6,82.18,0.0,493.08,127.59,UPI,No
100944,2025-12-10 23:02:20.540540,S1,West,36.0,M,Clothing,Product_22,1,86.56,0.15,73.58,17.83,Card,Yes
100945,2025-12-11 07:47:01.621621,S1,South,70.0,F,Clothing,Product_51,1,139.47,0.2,111.58,23.27,Card,No
100946,2025-12-11 16:31:42.702702,S1,South,36.0,F,Home,Product_23,1,78.15,0.2,62.52,10.05,Card,No
100947,2025-12-12 01:16:23.783783,S4,North,42.0,M,Clothing,Product_48,4,102.01,0.2,326.43,66.52,UPI,No
100948,2025-12-12 10:01:04.864864,S4,South,39.0,F,Grocery,Product_71,7,47.31,0.05,314.61,43.38,UPI,No
100949,2025-12-12 18:45:45.945945,S3,South,48.0,M,Electronics,Product_50,1,322.96,0.05,306.81,55.2,Card,No
100950,2025-12-13 03:30:27.027027,S3,North,34.0,F,Clothing,Product_89,9,137.1,0.0,1233.9,329.85,UPI,No
100951,2025-12-13 12:15:08.108108,S3,North,40.0,M,Home,Product_13,1,165.14,0.0,165.14,40.65,Card,Yes
100952,2025-12-13 20:59:49.189189,S1,East,49.0,M,Home,Product_85,7,333.49,0.05,2217.71,516.34,Card,No
100953,2025-12-14 05:44:30.270270,S4,East,27.0,M,Grocery,Product_10,4,41.14,0.05,156.33,25.47,UPI,Yes
100954,2025-12-14 14:29:11.351351,S2,West,27.0,M,Grocery,Product_55,5,47.84,0.0,239.2,36.75,Card,Yes
100955,2025-12-14 23:13:52.432432,S2,West,53.0,M,Clothing,Product_9,4,152.08,0.05,577.9,149.32,UPI,No
100956,2025-12-15 07:58:33.513513,S2,East,25.0,M,Electronics,Product_79,4,246.33,0.0,985.32,200.65,Card,No
100957,2025-12-15 16:43:14.594594,S1,South,69.0,M,Electronics,Product_52,7,176.32,0.15,1049.1,96.33,Cash,No
100958,2025-12-16 01:27:55.675675,S1,East,37.0,F,Home,Product_2,6,262.34,0.0,1574.04,490.33,Card,No
100959,2025-12-16 10:12:36.756756,S3,West,49.0,F,Grocery,Product_25,4,41.23,0.1,148.43,18.41,UPI,Yes
100960,2025-12-16 18:57:17.837837,S1,North,67.0,M,Electronics,Product_13,1,463.78,0.05,440.59,81.57,Cash,No
100961,2025-12-17 03:41:58.918918,S3,South,31.0,F,Electronics,Product_98,1,493.94,0.0,493.94,95.37,Card,Yes
100962,2025-12-17 12:26:40.000000,S1,West,67.0,M,Electronics,Product_51,7,289.69,0.2,1622.26,192.81,UPI,No
100963,2025-12-17 21:11:21.081081,S2,South,45.0,F,Grocery,Product_58,4,36.16,0.05,137.41,21.47,Card,No
100964,2025-12-18 05:56:02.162162,S2,East,63.0,F,Clothing,Product_34,4,85.27,0.05,324.03,93.01,UPI,Yes
100965,2025-12-18 14:40:43.243243,S2,East,69.0,M,Clothing,Product_35,6,71.93,0.0,431.58,119.16,Card,Yes
100966,2025-12-18 23:25:24.324324,S3,North,70.0,M,Clothing,Product_3,7,145.07,0.05,964.72,244.58,Card,No
100967,2025-12-19 08:10:05.405405,S2,South,41.0,M,Grocery,Product_59,5,61.92,0.0,309.6,63.16,UPI,Yes
100968,2025-12-19 16:54:46.486486,S3,South,32.0,M,Home,Product_70,6,193.59,0.05,1103.46,242.22,Card,Yes
100969,2025-12-20 01:39:27.567567,S2,North,39.0,F,Home,Product_48,6,63.4,0.05,361.38,83.27,UPI,Yes
100970,2025-12-20 10:24:08.648648,S3,North,47.0,M,Electronics,Product_64,3,258.35,0.15,658.79,93.26,Card,Yes
100971,2025-12-20 19:08:49.729729,S4,West,21.0,M,Clothing,Product_19,3,66.77,0.1,180.28,49.34,Card,No
100972,2025-12-21 03:53:30.810810,S3,South,30.0,M,Home,Product_67,7,293.33,0.0,2053.31,556.39,UPI,No
100973,2025-12-21 12:38:11.891891,S1,South,40.0,M,Grocery,Product_82,3,11.57,0.0,34.71,6.14,UPI,Yes
100974,2025-12-21 21:22:52.972972,S1,South,25.0,F,Electronics,Product_73,8,431.99,0.05,3283.12,630.4,Card,No
100975,2025-12-22 06:07:34.054054,S1,West,35.0,M,Electronics,Product_76,1,384.21,0.0,384.21,84.28,Card,Yes
100976,2025-12-22 14:52:15.135135,S3,North,29.0,F,Electronics,Product_5,1,406.35,0.0,406.35,88.27,Card,No
100977,2025-12-22 23:36:56.216216,S1,South,48.0,M,Clothing,Product_67,9,89.15,0.15,682.0,128.94,Card,No
100978,2025-12-23 08:21:37.297297,S2,West,31.0,M,Grocery,Product_11,5,55.98,0.0,279.9,56.44,Card,No
100979,2025-12-23 17:06:18.378378,S3,West,51.0,F,Electronics,Product_94,3,363.16,0.15,926.06,143.96,Card,No
100980,2025-12-24 01:50:59.459459,S2,North,35.0,M,Clothing,Product_68,6,143.04,0.0,858.24,272.89,UPI,No
100981,2025-12-24 10:35:40.540540,S3,West,51.0,F,Clothing,Product_69,5,91.48,0.2,365.92,76.27,UPI,No
100982,2025-12-24 19:20:21.621621,S1,South,28.0,F,Electronics,Product_1,4,315.49,0.1,1135.76,147.17,Card,No
100983,2025-12-25 04:05:02.702702,S1,South,58.0,M,Clothing,Product_91,1,122.97,0.1,110.67,23.72,Card,No
100984,2025-12-25 12:49:43.783783,S3,North,29.0,M,Electronics,Product_92,7,187.83,0.0,1314.81,232.83,Card,No
100985,2025-12-25 21:34:24.864864,S2,North,66.0,M,Clothing,Product_63,8,89.8,0.15,610.64,118.54,UPI,No
100986,2025-12-26 06:19:05.945945,S3,East,32.0,M,Home,Product_29,2,341.59,0.15,580.7,91.36,Cash,No
100987,2025-12-26 15:03:47.027027,S2,South,48.0,M,Clothing,Product_82,7,26.01,0.1,163.86,40.15,UPI,Yes
100988,2025-12-26 23:48:28.108108,S1,South,66.0,M,Electronics,Product_12,8,260.6,0.05,1980.56,383.59,UPI,No
100989,2025-12-27 08:33:09.189189,S4,East,46.0,M,Grocery,Product_77,4,28.56,0.1,102.82,15.92,Cash,Yes
100990,2025-12-27 17:17:50.270270,S4,East,43.0,F,Home,Product_41,5,240.04,0.0,1200.2,299.14,Card,Yes
100991,2025-12-28 02:02:31.351351,S3,North,35.0,F,Home,Product_2,3,81.74,0.1,220.7,45.29,Card,Yes
100992,2025-12-28 10:47:12.432432,S1,East,49.0,F,Electronics,Product_37,3,369.99,0.15,943.47,188.75,UPI,No
100993,2025-12-28 19:31:53.513513,S3,North,39.0,M,Electronics,Product_45,6,183.26,0.05,1044.58,213.57,Card,No
100994,2025-12-29 04:16:34.594594,S2,East,55.0,M,Electronics,Product_80,8,183.23,0.0,1465.84,320.12,UPI,No
100995,2025-12-29 13:01:15.675675,S1,East,34.0,F,Electronics,Product_48,5,404.86,0.05,1923.08,351.79,UPI,No
100996,2025-12-29 21:45:56.756756,S4,West,40.0,F,Clothing,Product_24,4,71.86,0.1,258.7,56.0,UPI,No
100997,2025-12-30 06:30:37.837837,S1,North,41.0,F,Grocery,Product_99,2,78.31,0.0,156.62,30.61,Card,No
100998,2025-12-30 15:15:18.918918,S4,North,67.0,M,Clothing,Product_22,1,25.98,0.0,25.98,7.64,UPI,No
100999,2025-12-31 00:00:00.000000,S2,South,25.0,F,Electronics,Product_100,4,305.79,0.0,1223.16,307.54,UPI,No
100012,2025-01-05 08:56:12.972972,S4,West,23.0,F,Clothing,Product_6,10,133.74,0.15,1136.79,261.8,Cash,No
100613,2025-08-12 08:31:42.702702,S1,South,35.0,F,Home,Product_15,6,231.12,0.0,1386.72,333.54,Cash,No
100690,2025-09-09 09:52:25.945945,S2,North,67.0,M,Clothing,Product_85,3,79.66,0.15,203.13,44.55,UPI,No
100538,2025-07-16 00:40:21.621621,S2,North,62.0,M,Grocery,Product_77,4,48.69,0.2,155.81,12.35,Card,No
100696,2025-09-11 14:20:32.432432,S2,North,54.0,M,Electronics,Product_95,4,334.56,0.15,1137.5,176.79,Card,No
100588,2025-08-03 05:54:35.675675,S1,South,20.0,M,Electronics,Product_94,5,475.88,0.0,2379.4,491.05,UPI,No
100303,2025-04-21 09:39:27.567567,S3,East,34.0,F,Home,Product_80,3,276.1,0.0,828.3,185.81,UPI,Yes
100107,2025-02-08 23:41:15.675675,S3,East,38.0,M,Grocery,Product_30,4,6.35,0.15,21.59,2.85,UPI,No
100255,2025-04-03 21:54:35.675675,S3,South,51.0,M,Home,Product_40,1,83.92,0.0,83.92,18.09,Card,Yes
100933,2025-12-06 22:50:48.648648,S2,East,46.0,F,Home,Product_29,2,139.33,0.1,250.79,56.72,Card,No
100010,2025-01-04 15:26:50.810810,S1,North,42.0,M,Electronics,Product_10,3,458.78,0.2,1101.07,138.64,UPI,Yes
100670,2025-09-02 02:58:44.324324,S1,South,18.0,M,Electronics,Product_36,2,446.67,0.1,804.01,150.54,Cash,No
100666,2025-08-31 16:00:00.000000,S1,North,65.0,M,Clothing,Product_22,9,145.84,0.15,1115.68,274.82,UPI,No
100951,2025-12-13 12:15:08.108108,S3,North,40.0,M,Home,Product_13,1,165.14,0.0,165.14,40.65,Card,Yes
100842,2025-11-03 19:04:30.270270,S1,South,48.0,F,Home,Product_100,3,274.88,0.0,824.64,224.45,Cash,Yes
100783,2025-10-13 07:08:06.486486,S2,East,34.0,F,Electronics,Product_30,4,373.92,0.2,1196.54,183.24,UPI,No
100739,2025-09-27 06:21:58.918918,S2,South,61.0,M,Electronics,Product_78,5,329.41,0.0,1647.05,337.97,Card,Yes
100642,2025-08-22 22:07:34.054054,S1,East,24.0,F,Grocery,Product_2,3,41.61,0.1,112.35,18.39,UPI,No
100212,2025-03-19 05:53:09.189189,S3,North,22.0,M,Electronics,Product_34,3,326.98,0.15,833.8,133.73,Card,No
100941,2025-12-09 20:48:17.297297,S3,South,70.0,F,Clothing,Product_12,2,89.72,0.15,152.52,30.66,Card,No
