TransactionID,Date,Store,Region,CustomerAge,Gender,Category,Product,Quantity,UnitPrice,Discount,Sales,Profit,Payment,Loyalty,Year,Month,Month_Name,Day,Weekday,Quarter,WeekOfYear,DayOfYear,IsWeekend,Average_Item_Price,Discount_Amount,Profit_Margin,Age_Group,High_Discount
100000,2025-01-01 00:00:00.000000,S2,North,45.0,M,Clothing,Product_50,10.0,27.9,0.0,279.0,72.39,Card,No,2025,1,January,1,Wednesday,1,1,1,0,27.9,0.0,25.946236559139784,36-45,0
100001,2025-01-01 08:44:41.081081,S4,East,24.0,F,Clothing,Product_33,7.0,111.09,0.05,738.75,213.28,Cash,No,2025,1,January,1,Wednesday,1,1,1,0,105.53571428571429,38.8815,28.870389170896786,18-25,0
100002,2025-01-01 17:29:22.162162,S3,West,52.0,M,Clothing,Product_13,7.0,81.24,0.2,454.94,87.87,Card,No,2025,1,January,1,Wednesday,1,1,1,0,64.99142857142857,113.73599999999999,19.31463489690948,46-55,1
100003,2025-01-02 02:14:03.243243,S3,East,45.0,M,Clothing,Product_78,5.0,141.15,0.15,599.89,123.44,Cash,Yes,2025,1,January,2,Thursday,1,1,2,0,119.978,105.8625,20.5771058027305,36-45,1
100004,2025-01-02 10:58:44.324324,S1,West,31.0,M,Electronics,Product_97,1.0,256.98,0.0,256.98,53.43,UPI,No,2025,1,January,2,Thursday,1,1,2,0,256.98,0.0,20.791501284146623,26-35,0
100005,2025-01-02 19:43:25.405405,S1,East,27.0,F,Clothing,Product_62,2.0,114.88,0.1,206.78,52.95,UPI,Yes,2025,1,January,2,Thursday,1,1,2,0,103.39,22.976,25.6069252345488,26-35,0
100006,2025-01-03 04:28:06.486486,S1,East,33.0,F,Home,Product_93,9.0,211.31,0.1,1711.61,379.06,UPI,Yes,2025,1,January,3,Friday,1,1,3,0,190.17888888888888,190.179,22.14640017293659,26-35,0
100007,2025-01-03 13:12:47.567567,S4,West,33.0,F,Grocery,Product_43,3.0,5.35,0.0,16.05,2.73,UPI,No,2025,1,January,3,Friday,1,1,3,0,5.3500000000000005,0.0,17.009345794392523,26-35,0
100008,2025-01-03 21:57:28.648648,S3,North,48.0,M,Clothing,Product_49,1.0,31.58,0.0,31.58,8.86,UPI,No,2025,1,January,3,Friday,1,1,3,0,31.58,0.0,28.055731475617478,46-55,0
100009,2025-01-04 06:42:09.729729,S3,South,59.0,M,Clothing,Product_36,6.0,66.46,0.2,319.01,65.57,Cash,Yes,2025,1,January,4,Saturday,1,1,4,1,53.16833333333333,79.75200000000001,20.55421460142315,55+,1
100010,2025-01-04 15:26:50.810810,S1,North,42.0,M,Electronics,Product_10,3.0,458.78,0.2,1101.07,138.64,UPI,Yes,2025,1,January,4,Saturday,1,1,4,1,367.0233333333333,275.268,12.591388376760786,36-45,1
100011,2025-01-05 00:11:31.891891,S4,West,30.0,M,Home,Product_95,2.0,94.1,0.2,150.56,20.96,Cash,Yes,2025,1,January,5,Sunday,1,1,5,1,75.28,37.64,13.921360255047821,26-35,1
100012,2025-01-05 08:56:12.972972,S4,West,23.0,F,Clothing,Product_6,10.0,133.74,0.15,1136.79,261.8,Cash,No,2025,1,January,5,Sunday,1,1,5,1,113.679,200.61,23.02975923433528,18-25,1
100013,2025-01-05 17:40:54.054054,S1,North,61.0,M,Grocery,Product_57,7.0,78.0,0.1,491.4,62.42,Cash,Yes,2025,1,January,5,Sunday,1,1,5,1,70.2,54.6,12.702482702482703,55+,0
100014,2025-01-06 02:25:35.135135,S1,East,26.0,F,Clothing,Product_1,3.0,146.49,0.05,417.5,112.23,UPI,Yes,2025,1,January,6,Monday,1,2,6,0,139.16666666666666,21.9735,26.8814371257485,26-35,0
100015,2025-01-06 11:10:16.216216,S1,West,62.0,F,Clothing,Product_71,10.0,58.87,0.0,588.7,168.62,UPI,Yes,2025,1,January,6,Monday,1,2,6,0,58.870000000000005,0.0,28.64277220995414,55+,0
100016,2025-01-06 19:54:57.297297,S2,North,53.0,M,Home,Product_58,5.0,322.51,0.0,1612.55,404.94,Card,No,2025,1,January,6,Monday,1,2,6,0,322.51,0.0,25.11177947970606,46-55,0
100017,2025-01-07 04:39:38.378378,S2,East,60.0,F,Home,Product_91,6.0,77.93,0.1,420.82,84.79,UPI,No,2025,1,January,7,Tuesday,1,2,7,0,70.13666666666667,46.75800000000001,20.148757188346565,55+,0
100018,2025-01-07 13:24:19.459459,S2,West,37.0,M,Clothing,Product_21,1.0,94.9,0.15,80.67,16.72,Card,Yes,2025,1,January,7,Tuesday,1,2,7,0,80.67,14.235000000000001,20.72641626379075,36-45,1
100019,2025-01-07 22:09:00.540540,S2,North,35.0,M,Clothing,Product_92,2.0,162.01,0.15,275.42,54.32,Card,No,2025,1,January,7,Tuesday,1,2,7,0,137.71,48.602999999999994,19.722605475274126,26-35,1
100020,2025-01-08 06:53:41.621621,S3,East,60.0,M,Grocery,Product_80,5.0,53.09,0.2,212.36,18.63,Card,Yes,2025,1,January,8,Wednesday,1,2,8,0,42.472,53.09000000000001,8.772838576003013,55+,1
100021,2025-01-08 15:38:22.702702,S1,South,38.0,F,Electronics,Product_56,8.0,294.78,0.15,2004.5,343.52,Cash,No,2025,1,January,8,Wednesday,1,2,8,0,250.5625,353.73599999999993,17.137440758293838,36-45,1
100022,2025-01-09 00:23:03.783783,S2,West,21.0,M,Grocery,Product_87,5.0,26.96,0.2,107.84,13.8,Cash,No,2025,1,January,9,Thursday,1,2,9,0,21.568,26.960000000000004,12.79673590504451,18-25,1
100023,2025-01-09 09:07:44.864864,S2,West,67.0,F,Electronics,Product_20,2.0,281.28,0.0,562.56,137.84,UPI,Yes,2025,1,January,9,Thursday,1,2,9,0,281.28,0.0,24.50227531285552,55+,0
100024,2025-01-09 17:52:25.945945,S2,West,50.0,F,Home,Product_54,1.0,202.68,0.15,172.28,33.23,UPI,Yes,2025,1,January,9,Thursday,1,2,9,0,172.28,30.402,19.28836777339215,46-55,1
100025,2025-01-10 02:37:07.027027,S4,South,44.0,M,Home,Product_25,7.0,145.71,0.1,917.97,218.43,UPI,No,2025,1,January,10,Friday,1,2,10,0,131.13857142857142,101.99700000000001,23.794895258014968,36-45,0
100026,2025-01-10 11:21:48.108108,S1,West,24.0,F,Clothing,Product_28,2.0,175.03,0.0,350.06,95.87,UPI,Yes,2025,1,January,10,Friday,1,2,10,0,175.03,0.0,27.38673370279381,18-25,0
100027,2025-01-10 20:06:29.189189,S2,West,23.0,F,Grocery,Product_5,4.0,74.98,0.2,239.94,17.8,Card,No,2025,1,January,10,Friday,1,2,10,0,59.985,59.98400000000001,7.418521296990916,18-25,1
100028,2025-01-11 04:51:10.270270,S3,South,32.0,M,Electronics,Product_21,1.0,454.74,0.15,386.53,76.69,Card,Yes,2025,1,January,11,Saturday,1,2,11,1,386.53,68.211,19.840633327296718,26-35,1
100029,2025-01-11 13:35:51.351351,S1,West,35.0,M,Electronics,Product_18,1.0,297.64,0.0,297.64,68.65,Card,Yes,2025,1,January,11,Saturday,1,2,11,1,297.64,0.0,23.064776239752725,26-35,0
100030,2025-01-11 22:20:32.432432,S3,North,49.0,F,Clothing,Product_47,5.0,130.61,0.0,653.05,162.81,UPI,No,2025,1,January,11,Saturday,1,2,11,1,130.60999999999999,0.0,24.930709746573772,46-55,0
100031,2025-01-12 07:05:13.513513,S1,East,28.0,M,Clothing,Product_70,6.0,164.45,0.1,888.03,240.82,UPI,No,2025,1,January,12,Sunday,1,2,12,1,148.005,98.67,27.118453205409725,26-35,0
100032,2025-01-12 15:49:54.594594,S1,North,37.0,F,Home,Product_57,3.0,305.13,0.1,823.85,160.76,UPI,No,2025,1,January,12,Sunday,1,2,12,1,274.6166666666667,91.539,19.51326090914608,36-45,0
100033,2025-01-13 00:34:35.675675,S4,North,41.0,M,Electronics,Product_93,2.0,295.01,0.2,472.02,61.12,Cash,Yes,2025,1,January,13,Monday,1,3,13,0,236.01,118.004,12.948603872717257,36-45,1
100034,2025-01-13 09:19:16.756756,S4,North,32.0,M,Electronics,Product_19,7.0,189.34,0.0,1325.38,318.66,Card,No,2025,1,January,13,Monday,1,3,13,0,189.34,0.0,24.042915993903634,26-35,0
100035,2025-01-13 18:03:57.837837,S4,East,65.0,M,Electronics,Product_97,2.0,176.47,0.0,352.94,87.26,Card,No,2025,1,January,13,Monday,1,3,13,0,176.47,0.0,24.7237490791636,55+,0
100036,2025-01-14 02:48:38.918918,S2,South,24.0,M,Electronics,Product_65,4.0,351.97,0.0,1407.88,281.56,Card,No,2025,1,January,14,Tuesday,1,3,14,0,351.97,0.0,19.998863539506207,18-25,0
100037,2025-01-14 11:33:20.000000,S1,East,38.0,F,Clothing,Product_3,10.0,122.82,0.0,1228.2,380.03,Card,No,2025,1,January,14,Tuesday,1,3,14,0,122.82000000000001,0.0,30.942028985507243,36-45,0
100038,2025-01-14 20:18:01.081081,S3,North,59.0,M,Home,Product_42,2.0,304.95,0.0,609.9,163.14,Card,Yes,2025,1,January,14,Tuesday,1,3,14,0,304.95,0.0,26.74864731923266,55+,0
100039,2025-01-15 05:02:42.162162,S2,South,43.0,F,Grocery,Product_21,9.0,26.94,0.2,193.97,16.29,Card,No,2025,1,January,15,Wednesday,1,3,15,0,21.552222222222223,48.492000000000004,8.398205908130123,36-45,1
100040,2025-01-15 13:47:23.243243,S1,East,61.0,F,Grocery,Product_99,2.0,17.56,0.05,33.36,5.17,UPI,No,2025,1,January,15,Wednesday,1,3,15,0,16.68,1.756,15.497601918465229,55+,0
100041,2025-01-15 22:32:04.324324,S2,West,31.0,F,Electronics,Product_40,5.0,282.65,0.05,1342.59,309.23,Card,Yes,2025,1,January,15,Wednesday,1,3,15,0,268.518,70.66250000000001,23.032347924533923,26-35,0
100042,2025-01-16 07:16:45.405405,S1,South,54.0,F,Clothing,Product_67,3.0,76.57,0.0,229.71,57.15,UPI,No,2025,1,January,16,Thursday,1,3,16,0,76.57000000000001,0.0,24.879195507378867,46-55,0
100043,2025-01-16 16:01:26.486486,S4,East,38.0,M,Electronics,Product_25,10.0,196.36,0.0,1963.6,476.705,UPI,Yes,2025,1,January,16,Thursday,1,3,16,0,196.35999999999999,0.0,24.277093094316562,36-45,0
100044,2025-01-17 00:46:07.567567,S1,West,35.0,M,Electronics,Product_55,3.0,385.3,0.15,982.52,173.84,Card,Yes,2025,1,January,17,Friday,1,3,17,0,327.50666666666666,173.38500000000002,17.69327850832553,26-35,1
100045,2025-01-17 09:30:48.648648,S3,East,22.0,F,Clothing,Product_84,3.0,101.39,0.1,273.75,68.49,UPI,No,2025,1,January,17,Friday,1,3,17,0,91.25,30.417,25.01917808219178,18-25,0
100046,2025-01-17 18:15:29.729729,S2,North,20.0,M,Electronics,Product_52,10.0,402.39,0.15,2310.6412499999997,476.705,Card,Yes,2025,1,January,17,Friday,1,3,17,0,231.06412499999996,603.5849999999999,20.630853015369656,18-25,1
100047,2025-01-18 03:00:10.810810,S2,North,40.0,F,Electronics,Product_44,4.0,273.44,0.05,1039.07,248.76,Cash,Yes,2025,1,January,18,Saturday,1,3,18,1,259.7675,54.688,23.94063922546123,36-45,0
100048,2025-01-18 11:44:51.891891,S3,West,43.0,M,Grocery,Product_98,4.0,29.43,0.05,111.83,22.63,Cash,No,2025,1,January,18,Saturday,1,3,18,1,27.9575,5.886,20.236072610211927,36-45,0
100049,2025-01-18 20:29:32.972972,S1,North,54.0,F,Clothing,Product_85,2.0,95.61,0.05,181.66,45.0,Card,No,2025,1,January,18,Saturday,1,3,18,1,90.83,9.561,24.77155124958714,46-55,0
100050,2025-01-19 05:14:14.054054,S4,West,41.0,F,Clothing,Product_56,6.0,160.39,0.05,914.22,248.89,Cash,No,2025,1,January,19,Sunday,1,3,19,1,152.37,48.117,27.224300496598193,36-45,0
100051,2025-01-19 13:58:55.135135,S3,East,66.0,F,Electronics,Product_55,1.0,164.1,0.15,139.48,27.55,UPI,No,2025,1,January,19,Sunday,1,3,19,1,139.48,24.615,19.751935761399487,55+,1
100052,2025-01-19 22:43:36.216216,S4,West,36.0,F,Electronics,Product_87,1.0,431.69,0.0,431.69,88.19,Cash,Yes,2025,1,January,19,Sunday,1,3,19,1,431.69,0.0,20.429011559220736,36-45,0
100053,2025-01-20 07:28:17.297297,S4,West,68.0,F,Grocery,Product_70,5.0,32.67,0.1,147.02,21.3,UPI,No,2025,1,January,20,Monday,1,4,20,0,29.404000000000003,16.335000000000004,14.487824785743436,55+,0
100054,2025-01-20 16:12:58.378378,S3,West,42.0,F,Electronics,Product_77,3.0,449.12,0.0,1347.36,323.47,Card,No,2025,1,January,20,Monday,1,4,20,0,449.11999999999995,0.0,24.007689110556946,36-45,0
100055,2025-01-21 00:57:39.459459,S4,South,38.0,F,Clothing,Product_87,9.0,148.35,0.1,1201.64,239.97,Cash,Yes,2025,1,January,21,Tuesday,1,4,21,0,133.51555555555558,133.515,19.9702073832429,36-45,0
100056,2025-01-21 09:42:20.540540,S1,East,29.0,M,Electronics,Product_73,8.0,272.07,0.2,1741.25,272.63,Card,No,2025,1,January,21,Tuesday,1,4,21,0,217.65625,435.312,15.657142857142855,26-35,1
100057,2025-01-21 18:27:01.621621,S1,South,58.0,M,Clothing,Product_81,6.0,131.02,0.1,707.51,154.4,Card,Yes,2025,1,January,21,Tuesday,1,4,21,0,117.91833333333334,78.61200000000002,21.823013102288307,55+,0
100058,2025-01-22 03:11:42.702702,S1,South,50.0,M,Electronics,Product_66,7.0,205.87,0.1,1296.98,238.45,Card,Yes,2025,1,January,22,Wednesday,1,4,22,0,185.28285714285715,144.109,18.385017502197414,46-55,0
100059,2025-01-22 11:56:23.783783,S2,East,44.0,F,Home,Product_19,5.0,318.88,0.2,1275.52,246.03,Card,No,2025,1,January,22,Wednesday,1,4,22,0,255.10399999999998,318.88000000000005,19.288603863522326,36-45,1
100060,2025-01-22 20:41:04.864864,S2,West,70.0,M,Grocery,Product_83,2.0,35.34,0.1,63.61,5.87,UPI,No,2025,1,January,22,Wednesday,1,4,22,0,31.805,7.068000000000001,9.228108787926427,55+,0
100061,2025-01-23 05:25:45.945945,S1,West,21.0,F,Home,Product_7,6.0,186.69,0.0,1120.14,297.64,UPI,Yes,2025,1,January,23,Thursday,1,4,23,0,186.69000000000003,0.0,26.571678540182475,18-25,0
100062,2025-01-23 14:10:27.027027,S4,East,59.0,F,Electronics,Product_63,2.0,397.02,0.0,794.04,207.06,Cash,Yes,2025,1,January,23,Thursday,1,4,23,0,397.02,0.0,26.076771951035216,55+,0
100063,2025-01-23 22:55:08.108108,S2,South,24.0,F,Grocery,Product_42,3.0,66.56,0.1,179.71,23.24,Card,No,2025,1,January,23,Thursday,1,4,23,0,59.903333333333336,19.968000000000004,12.931945912859605,18-25,0
100064,2025-01-24 07:39:49.189189,S2,South,39.0,F,Clothing,Product_42,7.0,57.81,0.1,364.2,91.61,Cash,Yes,2025,1,January,24,Friday,1,4,24,0,52.028571428571425,40.467000000000006,25.15376166941241,36-45,0
100065,2025-01-24 16:24:30.270270,S3,East,50.0,M,Clothing,Product_59,4.0,125.82,0.05,478.12,137.08,Cash,Yes,2025,1,January,24,Friday,1,4,24,0,119.53,25.164,28.670626620931987,46-55,0
100066,2025-01-25 01:09:11.351351,S1,North,34.0,F,Home,Product_20,7.0,167.6,0.05,1114.54,220.84,Card,No,2025,1,January,25,Saturday,1,4,25,1,159.22,58.660000000000004,19.814452599278624,26-35,0
100067,2025-01-25 09:53:52.432432,S4,North,41.0,F,Electronics,Product_73,2.0,279.05,0.2,446.48,69.27,Card,No,2025,1,January,25,Saturday,1,4,25,1,223.24,111.62,15.514692707400107,36-45,1
100068,2025-01-25 18:38:33.513513,S1,South,51.0,M,Electronics,Product_17,5.0,391.51,0.0,1957.55,470.74,UPI,No,2025,1,January,25,Saturday,1,4,25,1,391.51,0.0,24.047406196521163,46-55,0
100069,2025-01-26 03:23:14.594594,S4,South,45.0,M,Home,Product_27,1.0,166.15,0.05,157.84,38.32,UPI,No,2025,1,January,26,Sunday,1,4,26,1,157.84,8.307500000000001,24.27774961986822,36-45,0
100070,2025-01-26 12:07:55.675675,S3,South,60.0,F,Electronics,Product_47,5.0,271.14,0.0,1355.7,300.6,UPI,No,2025,1,January,26,Sunday,1,4,26,1,271.14,0.0,22.173047134321752,55+,0
100071,2025-01-26 20:52:36.756756,S1,North,58.0,F,Home,Product_2,6.0,300.77,0.15,1533.93,260.76,UPI,No,2025,1,January,26,Sunday,1,4,26,1,255.655,270.693,16.999471944612857,55+,1
100072,2025-01-27 05:37:17.837837,S1,North,56.0,M,Clothing,Product_63,5.0,36.2,0.0,181.0,55.72,UPI,Yes,2025,1,January,27,Monday,1,5,27,0,36.2,0.0,30.784530386740332,55+,0
100073,2025-01-27 14:21:58.918918,S4,North,39.0,F,Grocery,Product_62,2.0,55.69,0.1,100.24,14.1,Card,No,2025,1,January,27,Monday,1,5,27,0,50.12,11.138,14.066241021548285,36-45,0
100074,2025-01-27 23:06:40.000000,S3,West,66.0,F,Grocery,Product_100,1.0,23.65,0.0,23.65,3.83,UPI,No,2025,1,January,27,Monday,1,5,27,0,23.65,0.0,16.19450317124736,55+,0
100075,2025-01-28 07:51:21.081081,S3,South,34.0,M,Grocery,Product_19,1.0,6.16,0.1,5.54,0.74,Card,Yes,2025,1,January,28,Tuesday,1,5,28,0,5.54,0.6160000000000001,13.357400722021662,26-35,0
100076,2025-01-28 16:36:02.162162,S3,South,51.0,F,Electronics,Product_17,5.0,208.37,0.15,885.57,148.22,UPI,Yes,2025,1,January,28,Tuesday,1,5,28,0,177.114,156.27749999999997,16.73724267985591,46-55,1
100077,2025-01-29 01:20:43.243243,S1,East,23.0,F,Electronics,Product_69,9.0,362.33,0.05,2310.6412499999997,476.705,UPI,No,2025,1,January,29,Wednesday,1,5,29,0,256.73791666666665,163.0485,20.630853015369656,18-25,0
100078,2025-01-29 10:05:24.324324,S2,North,63.0,F,Clothing,Product_39,2.0,133.46,0.05,253.57,66.02,UPI,Yes,2025,1,January,29,Wednesday,1,5,29,0,126.785,13.346000000000002,26.036203020862086,55+,0
100079,2025-01-29 18:50:05.405405,S1,West,23.0,F,Electronics,Product_82,6.0,157.37,0.05,897.01,171.92,Cash,Yes,2025,1,January,29,Wednesday,1,5,29,0,149.50166666666667,47.211000000000006,19.16589558644831,18-25,0
100080,2025-01-30 03:34:46.486486,S4,West,51.0,M,Electronics,Product_71,8.0,162.75,0.05,1236.9,280.43,UPI,No,2025,1,January,30,Thursday,1,5,30,0,154.6125,65.10000000000001,22.672002587112942,46-55,0
100081,2025-01-30 12:19:27.567567,S3,North,18.0,M,Clothing,Product_81,4.0,164.41,0.15,558.99,102.02,UPI,No,2025,1,January,30,Thursday,1,5,30,0,139.7475,98.646,18.250773716882232,18-25,1
100082,2025-01-30 21:04:08.648648,S2,South,27.0,M,Clothing,Product_39,5.0,31.73,0.0,158.65,47.4,UPI,No,2025,1,January,30,Thursday,1,5,30,0,31.73,0.0,29.877087929404343,26-35,0
100083,2025-01-31 05:48:49.729729,S1,West,38.0,M,Grocery,Product_36,7.0,72.06,0.1,453.98,76.42,Cash,Yes,2025,1,January,31,Friday,1,5,31,0,64.85428571428572,50.44200000000001,16.833340675800695,36-45,0
100084,2025-01-31 14:33:30.810810,S2,West,22.0,M,Electronics,Product_40,2.0,229.86,0.0,459.72,84.25,UPI,Yes,2025,1,January,31,Friday,1,5,31,0,229.86,0.0,18.32637257461063,18-25,0
100085,2025-01-31 23:18:11.891891,S2,South,19.0,F,Electronics,Product_45,3.0,409.01,0.0,1227.03,227.81,Card,No,2025,1,January,31,Friday,1,5,31,0,409.01,0.0,18.565968232235562,18-25,0
100086,2025-02-01 08:02:52.972972,S3,East,39.0,F,Electronics,Product_4,1.0,258.41,0.05,245.49,57.87,Cash,Yes,2025,2,February,1,Saturday,1,5,32,1,245.49,12.920500000000002,23.573261639985333,36-45,0
100087,2025-02-01 16:47:34.054054,S3,North,65.0,F,Grocery,Product_25,10.0,69.41,0.1,624.69,76.16,UPI,No,2025,2,February,1,Saturday,1,5,32,1,62.46900000000001,69.41,12.19164705694024,55+,0
100088,2025-02-02 01:32:15.135135,S4,West,19.0,F,Home,Product_69,8.0,260.14,0.05,1977.06,476.705,Card,Yes,2025,2,February,2,Sunday,1,5,33,1,247.1325,104.056,24.111812489251715,18-25,0
100089,2025-02-02 10:16:56.216216,S2,North,27.0,F,Grocery,Product_30,6.0,35.14,0.1,189.76,19.71,UPI,No,2025,2,February,2,Sunday,1,5,33,1,31.626666666666665,21.084000000000003,10.386804384485666,26-35,0
100090,2025-02-02 19:01:37.297297,S1,West,51.0,M,Grocery,Product_76,1.0,10.72,0.0,10.72,1.97,Cash,No,2025,2,February,2,Sunday,1,5,33,1,10.72,0.0,18.37686567164179,46-55,0
100091,2025-02-03 03:46:18.378378,S3,East,33.0,M,Clothing,Product_68,4.0,137.23,0.0,548.92,153.44,UPI,Yes,2025,2,February,3,Monday,1,6,34,0,137.23,0.0,27.953071485826715,26-35,0
100092,2025-02-03 12:30:59.459459,S3,East,65.0,M,Clothing,Product_88,1.0,118.7,0.15,100.9,21.78,Card,No,2025,2,February,3,Monday,1,6,34,0,100.9,17.805,21.585728444003966,55+,1
100093,2025-02-03 21:15:40.540540,S3,South,68.0,F,Clothing,Product_29,1.0,20.47,0.15,17.4,3.99,UPI,Yes,2025,2,February,3,Monday,1,6,34,0,17.4,3.0704999999999996,22.931034482758626,55+,1
100094,2025-02-04 06:00:21.621621,S3,North,56.0,M,Home,Product_73,5.0,52.83,0.0,264.15,68.79,UPI,Yes,2025,2,February,4,Tuesday,1,6,35,0,52.83,0.0,26.0420215786485,55+,0
100095,2025-02-04 14:45:02.702702,S2,North,39.0,F,Clothing,Product_68,10.0,149.41,0.1,1344.69,318.22,UPI,No,2025,2,February,4,Tuesday,1,6,35,0,134.469,149.41,23.664933925291333,36-45,0
100096,2025-02-04 23:29:43.783783,S2,North,29.0,M,Clothing,Product_51,8.0,61.5,0.05,467.4,112.04,Card,Yes,2025,2,February,4,Tuesday,1,6,35,0,58.425,24.6,23.970902866923407,26-35,0
100097,2025-02-05 08:14:24.864864,S2,North,41.0,F,Grocery,Product_24,6.0,52.71,0.15,268.82,37.89,Card,Yes,2025,2,February,5,Wednesday,1,6,36,0,44.803333333333335,47.439,14.094933412692509,36-45,1
100098,2025-02-05 16:59:05.945945,S1,West,64.0,F,Grocery,Product_14,1.0,39.07,0.15,33.21,4.4,UPI,Yes,2025,2,February,5,Wednesday,1,6,36,0,33.21,5.8605,13.249021379102679,55+,1
100099,2025-02-06 01:43:47.027027,S1,South,57.0,F,Home,Product_69,3.0,309.03,0.15,788.03,151.53,UPI,Yes,2025,2,February,6,Thursday,1,6,37,0,262.6766666666667,139.06349999999998,19.22896336433892,55+,1
100100,2025-02-06 10:28:28.108108,S1,North,55.0,F,Home,Product_18,3.0,325.09,0.15,828.98,167.39,Card,Yes,2025,2,February,6,Thursday,1,6,37,0,276.32666666666665,146.29049999999998,20.192284494197686,46-55,1
100101,2025-02-06 19:13:09.189189,S3,West,27.0,F,Home,Product_42,6.0,349.04,0.0,2094.24,476.705,Card,No,2025,2,February,6,Thursday,1,6,37,0,349.03999999999996,0.0,22.762672855069145,26-35,0
100102,2025-02-07 03:57:50.270270,S2,West,44.0,F,Electronics,Product_57,7.0,203.79,0.15,1212.55,175.54,Card,No,2025,2,February,7,Friday,1,6,38,0,173.22142857142856,213.9795,14.476928786441794,36-45,1
100103,2025-02-07 12:42:31.351351,S2,West,68.0,F,Electronics,Product_83,3.0,452.04,0.05,1288.31,272.11,UPI,Yes,2025,2,February,7,Friday,1,6,38,0,429.43666666666667,67.80600000000001,21.1214692116028,55+,0
100104,2025-02-07 21:27:12.432432,S4,West,66.0,F,Home,Product_12,3.0,129.81,0.0,389.43,93.05,Card,Yes,2025,2,February,7,Friday,1,6,38,0,129.81,0.0,23.8938962072773,55+,0
100105,2025-02-08 06:11:53.513513,S1,North,49.0,F,Home,Product_82,1.0,227.24,0.05,215.88,53.12,Card,No,2025,2,February,8,Saturday,1,6,39,1,215.88,11.362000000000002,24.606262738558456,46-55,0
100106,2025-02-08 14:56:34.594594,S2,South,24.0,M,Electronics,Product_17,3.0,327.02,0.2,784.85,106.86,Card,No,2025,2,February,8,Saturday,1,6,39,1,261.6166666666667,196.212,13.615340510925655,18-25,1
100107,2025-02-08 23:41:15.675675,S3,East,38.0,M,Grocery,Product_30,4.0,6.35,0.15,21.59,2.85,UPI,No,2025,2,February,8,Saturday,1,6,39,1,5.3975,3.8099999999999996,13.200555812876333,36-45,1
100108,2025-02-09 08:25:56.756756,S1,East,37.0,F,Electronics,Product_88,1.0,476.47,0.0,476.47,100.69,Card,No,2025,2,February,9,Sunday,1,6,40,1,476.47,0.0,21.132495225302744,36-45,0
100109,2025-02-09 17:10:37.837837,S1,North,43.0,M,Electronics,Product_75,4.0,177.41,0.1,638.68,123.44,Card,No,2025,2,February,9,Sunday,1,6,40,1,159.67,70.964,19.327362685538926,36-45,0
100110,2025-02-10 01:55:18.918918,S2,West,21.0,M,Home,Product_99,7.0,256.47,0.15,1526.0,260.07,Cash,Yes,2025,2,February,10,Monday,1,7,41,0,218.0,269.2935,17.04259501965924,18-25,1
100111,2025-02-10 10:40:00.000000,S1,North,63.0,F,Electronics,Product_23,5.0,424.75,0.0,2123.75,468.76,Card,Yes,2025,2,February,10,Monday,1,7,41,0,424.75,0.0,22.072277810476752,55+,0
100112,2025-02-10 19:24:41.081081,S4,North,69.0,F,Electronics,Product_81,1.0,428.35,0.05,406.93,89.37,Card,Yes,2025,2,February,10,Monday,1,7,41,0,406.93,21.417500000000004,21.96200820779987,55+,0
100113,2025-02-11 04:09:22.162162,S4,East,39.0,F,Clothing,Product_1,2.0,41.68,0.1,75.02,18.71,Cash,No,2025,2,February,11,Tuesday,1,7,42,0,37.51,8.336,24.940015995734473,36-45,0
100114,2025-02-11 12:54:03.243243,S3,East,32.0,M,Home,Product_79,4.0,184.27,0.05,700.23,163.74,Card,No,2025,2,February,11,Tuesday,1,7,42,0,175.0575,36.854000000000006,23.38374534081659,26-35,0
100115,2025-02-11 21:38:44.324324,S4,East,57.0,M,Clothing,Product_32,3.0,152.71,0.0,458.13,144.8,UPI,No,2025,2,February,11,Tuesday,1,7,42,0,152.71,0.0,31.606749175998083,55+,0
100116,2025-02-12 06:23:25.405405,S4,North,44.0,M,Home,Product_9,3.0,140.8,0.1,380.16,87.62,Card,Yes,2025,2,February,12,Wednesday,1,7,43,0,126.72000000000001,42.24000000000001,23.048190235690235,36-45,0
100117,2025-02-12 15:08:06.486486,S1,West,32.0,M,Clothing,Product_15,4.0,94.84,0.2,303.49,65.89,UPI,No,2025,2,February,12,Wednesday,1,7,43,0,75.8725,75.872,21.710764769844147,26-35,1
100118,2025-02-12 23:52:47.567567,S4,North,39.0,M,Electronics,Product_28,5.0,245.48,0.1,1104.66,213.38,Card,No,2025,2,February,12,Wednesday,1,7,43,0,220.93200000000002,122.74,19.316350732352035,36-45,0
100119,2025-02-13 08:37:28.648648,S2,North,69.0,M,Grocery,Product_24,7.0,39.77,0.15,236.63,32.1,UPI,No,2025,2,February,13,Thursday,1,7,44,0,33.80428571428571,41.758500000000005,13.5654819760808,55+,1
100120,2025-02-13 17:22:09.729729,S4,West,45.0,F,Electronics,Product_60,3.0,460.74,0.05,1313.11,306.14,Card,Yes,2025,2,February,13,Thursday,1,7,44,0,437.7033333333333,69.111,23.31411686758916,36-45,0
100121,2025-02-14 02:06:50.810810,S4,West,31.0,F,Grocery,Product_35,7.0,39.13,0.0,273.91,47.02,Card,No,2025,2,February,14,Friday,1,7,45,0,39.13,0.0,17.1662224818371,26-35,0
100122,2025-02-14 10:51:31.891891,S2,West,44.0,M,Clothing,Product_86,3.0,108.95,0.1,294.17,76.54,UPI,Yes,2025,2,February,14,Friday,1,7,45,0,98.05666666666667,32.685,26.018968623585003,36-45,0
100123,2025-02-14 19:36:12.972972,S1,West,58.0,M,Grocery,Product_27,1.0,35.3,0.05,33.53,5.6,Cash,No,2025,2,February,14,Friday,1,7,45,0,33.53,1.765,16.701461377870565,55+,0
100124,2025-02-15 04:20:54.054054,S1,East,57.0,M,Electronics,Product_83,4.0,311.04,0.15,1057.54,161.1,Card,No,2025,2,February,15,Saturday,1,7,46,1,264.385,186.624,15.233466346426614,55+,1
100125,2025-02-15 13:05:35.135135,S2,East,45.0,M,Clothing,Product_76,5.0,22.43,0.0,112.15,31.18,UPI,Yes,2025,2,February,15,Saturday,1,7,46,1,22.43,0.0,27.80205082478823,36-45,0
100126,2025-02-15 21:50:16.216216,S4,North,43.0,F,Electronics,Product_20,9.0,249.31,0.05,2131.6,435.66,Card,No,2025,2,February,15,Saturday,1,7,46,1,236.84444444444443,112.18950000000001,20.438168511915933,36-45,0
100127,2025-02-16 06:34:57.297297,S4,South,66.0,M,Electronics,Product_65,6.0,302.8,0.05,1725.96,315.51,UPI,Yes,2025,2,February,16,Sunday,1,7,47,1,287.66,90.84000000000002,18.280261419731627,55+,0
100128,2025-02-16 15:19:38.378378,S1,South,19.0,M,Home,Product_85,8.0,240.14,0.2,1536.9,287.83,Card,No,2025,2,February,16,Sunday,1,7,47,1,192.1125,384.224,18.727958878261433,18-25,1
100129,2025-02-17 00:04:19.459459,S2,North,42.0,M,Electronics,Product_49,8.0,307.52,0.0,2310.6412499999997,476.705,UPI,Yes,2025,2,February,17,Monday,1,8,48,0,288.83015624999996,0.0,20.630853015369656,36-45,0
100130,2025-02-17 08:49:00.540540,S2,East,20.0,M,Home,Product_1,5.0,151.35,0.0,756.75,190.47,Card,No,2025,2,February,17,Monday,1,8,48,0,151.35,0.0,25.169474727452922,18-25,0
100131,2025-02-17 17:33:41.621621,S1,South,25.0,F,Electronics,Product_10,4.0,285.83,0.0,1143.32,282.56,Card,No,2025,2,February,17,Monday,1,8,48,0,285.83,0.0,24.713990833712348,18-25,0
100132,2025-02-18 02:18:22.702702,S1,North,61.0,F,Clothing,Product_47,4.0,58.77,0.15,199.82,44.48,Card,Yes,2025,2,February,18,Tuesday,1,8,49,0,49.955,35.262,22.260034030627565,55+,1
100133,2025-02-18 11:03:03.783783,S2,North,50.0,F,Home,Product_59,10.0,327.35,0.0,2310.6412499999997,476.705,Card,No,2025,2,February,18,Tuesday,1,8,49,0,231.06412499999996,0.0,20.630853015369656,46-55,0
100134,2025-02-18 19:47:44.864864,S4,East,59.0,M,Clothing,Product_96,6.0,103.48,0.0,620.88,167.33,Cash,No,2025,2,February,18,Tuesday,1,8,49,0,103.48,0.0,26.950457415281537,55+,0
100135,2025-02-19 04:32:25.945945,S2,North,69.0,F,Home,Product_62,1.0,54.02,0.0,54.02,12.32,Cash,Yes,2025,2,February,19,Wednesday,1,8,50,0,54.02,0.0,22.806368011847464,55+,0
100136,2025-02-19 13:17:07.027027,S2,West,52.0,F,Home,Product_86,6.0,55.83,0.1,301.48,61.56,UPI,No,2025,2,February,19,Wednesday,1,8,50,0,50.24666666666667,33.498000000000005,20.41926495953297,46-55,0
100137,2025-02-19 22:01:48.108108,S3,South,23.0,F,Grocery,Product_18,2.0,77.97,0.0,155.94,19.29,Card,No,2025,2,February,19,Wednesday,1,8,50,0,77.97,0.0,12.370142362447096,18-25,0
100138,2025-02-20 06:46:29.189189,S2,South,56.0,M,Clothing,Product_46,4.0,55.43,0.05,210.63,58.58,Card,No,2025,2,February,20,Thursday,1,8,51,0,52.6575,11.086,27.811802687176566,55+,0
100139,2025-02-20 15:31:10.270270,S4,East,69.0,M,Home,Product_32,2.0,291.68,0.0,583.36,133.72,UPI,No,2025,2,February,20,Thursday,1,8,51,0,291.68,0.0,22.922380691168403,55+,0
100140,2025-02-21 00:15:51.351351,S4,West,40.0,F,Grocery,Product_27,6.0,9.37,0.1,50.6,6.46,Cash,No,2025,2,February,21,Friday,1,8,52,0,8.433333333333334,5.622,12.76679841897233,36-45,0
100141,2025-02-21 09:00:32.432432,S1,South,42.0,F,Home,Product_92,8.0,326.35,0.1,2310.6412499999997,476.705,UPI,No,2025,2,February,21,Friday,1,8,52,0,288.83015624999996,261.08000000000004,20.630853015369656,36-45,0
100142,2025-02-21 17:45:13.513513,S2,East,67.0,M,Clothing,Product_18,3.0,159.91,0.05,455.74,119.58,UPI,No,2025,2,February,21,Friday,1,8,52,0,151.91333333333333,23.986500000000003,26.238644841356912,55+,0
100143,2025-02-22 02:29:54.594594,S2,East,44.0,M,Home,Product_39,1.0,221.33,0.2,177.06,28.54,Cash,No,2025,2,February,22,Saturday,1,8,53,1,177.06,44.266000000000005,16.11882977521744,36-45,1
100144,2025-02-22 11:14:35.675675,S2,North,36.0,M,Home,Product_49,3.0,52.7,0.2,126.48,16.35,Cash,Yes,2025,2,February,22,Saturday,1,8,53,1,42.160000000000004,31.620000000000005,12.926944971537003,36-45,1
100145,2025-02-22 19:59:16.756756,S1,West,22.0,F,Home,Product_93,5.0,127.34,0.05,604.86,154.85,Card,No,2025,2,February,22,Saturday,1,8,53,1,120.97200000000001,31.835000000000004,25.600965512680617,18-25,0
100146,2025-02-23 04:43:57.837837,S3,West,68.0,M,Electronics,Product_82,3.0,292.39,0.15,745.59,130.08,Card,No,2025,2,February,23,Sunday,1,8,54,1,248.53,131.57549999999998,17.446585925240417,55+,1
100147,2025-02-23 13:28:38.918918,S2,East,28.0,F,Electronics,Product_44,3.0,311.02,0.1,839.75,185.68,UPI,No,2025,2,February,23,Sunday,1,8,54,1,279.9166666666667,93.306,22.1113426615064,26-35,0
100148,2025-02-23 22:13:20.000000,S1,West,29.0,M,Home,Product_72,2.0,139.3,0.15,236.81,42.17,UPI,No,2025,2,February,23,Sunday,1,8,54,1,118.405,41.79,17.807525020058275,26-35,1
100149,2025-02-24 06:58:01.081081,S1,West,27.0,F,Electronics,Product_54,4.0,161.53,0.05,613.81,104.91,Card,Yes,2025,2,February,24,Monday,1,9,55,0,153.4525,32.306000000000004,17.091608152359854,26-35,0
100150,2025-02-24 15:42:42.162162,S4,East,25.0,F,Home,Product_95,3.0,227.04,0.05,647.06,161.7,Card,No,2025,2,February,24,Monday,1,9,55,0,215.68666666666664,34.056000000000004,24.989954563718975,18-25,0
100151,2025-02-25 00:27:23.243243,S1,West,41.0,M,Clothing,Product_34,6.0,103.86,0.05,592.0,151.69,UPI,Yes,2025,2,February,25,Tuesday,1,9,56,0,98.66666666666667,31.158,25.62331081081081,36-45,0
100152,2025-02-25 09:12:04.324324,S1,East,45.0,F,Clothing,Product_71,1.0,65.28,0.15,55.49,12.9,UPI,No,2025,2,February,25,Tuesday,1,9,56,0,55.49,9.792,23.247431969724275,36-45,1
100153,2025-02-25 17:56:45.405405,S2,East,58.0,M,Electronics,Product_36,5.0,163.29,0.0,816.45,206.07,Card,Yes,2025,2,February,25,Tuesday,1,9,56,0,163.29000000000002,0.0,25.239757486680137,55+,0
100154,2025-02-26 02:41:26.486486,S4,East,53.0,F,Electronics,Product_18,2.0,498.11,0.0,996.22,226.9,UPI,Yes,2025,2,February,26,Wednesday,1,9,57,0,498.11,0.0,22.776093633936277,46-55,0
100155,2025-02-26 11:26:07.567567,S1,East,54.0,F,Grocery,Product_38,4.0,41.15,0.05,156.37,25.54,UPI,No,2025,2,February,26,Wednesday,1,9,57,0,39.0925,8.23,16.33305621282855,46-55,0
100156,2025-02-26 20:10:48.648648,S3,North,38.0,M,Grocery,Product_59,3.0,61.7,0.0,185.1,34.17,UPI,No,2025,2,February,26,Wednesday,1,9,57,0,61.699999999999996,0.0,18.46029173419773,36-45,0
100157,2025-02-27 04:55:29.729729,S3,West,25.0,F,Home,Product_9,6.0,185.69,0.1,1002.73,177.74,Card,Yes,2025,2,February,27,Thursday,1,9,58,0,167.12166666666667,111.41399999999999,17.725609087191966,18-25,0
100158,2025-02-27 13:40:10.810810,S1,West,26.0,F,Clothing,Product_73,9.0,26.91,0.0,242.19,73.18,UPI,Yes,2025,2,February,27,Thursday,1,9,58,0,26.91,0.0,30.21594615797515,26-35,0
100159,2025-02-27 22:24:51.891891,S3,North,64.0,M,Home,Product_72,8.0,142.88,0.05,1085.89,275.21,UPI,Yes,2025,2,February,27,Thursday,1,9,58,0,135.73625,57.152,25.344187716987904,55+,0
100160,2025-02-28 07:09:32.972972,S2,West,32.0,F,Home,Product_51,5.0,146.03,0.2,584.12,105.5,Card,Yes,2025,2,February,28,Friday,1,9,59,0,116.824,146.03,18.061357255358487,26-35,1
100161,2025-02-28 15:54:14.054054,S3,North,65.0,F,Clothing,Product_35,4.0,154.14,0.05,585.73,134.54,UPI,Yes,2025,2,February,28,Friday,1,9,59,0,146.4325,30.828,22.969627644136377,55+,0
100162,2025-03-01 00:38:55.135135,S3,South,44.0,F,Electronics,Product_82,7.0,378.98,0.1,2310.6412499999997,423.98,Card,No,2025,3,March,1,Saturday,1,9,60,1,330.0916071428571,265.286,18.349018914121785,36-45,0
100163,2025-03-01 09:23:36.216216,S2,East,57.0,M,Home,Product_5,6.0,132.63,0.0,795.78,221.84,Card,No,2025,3,March,1,Saturday,1,9,60,1,132.63,0.0,27.877051446379653,55+,0
100164,2025-03-01 18:08:17.297297,S1,North,35.0,M,Home,Product_14,2.0,340.32,0.0,680.64,162.46,Card,Yes,2025,3,March,1,Saturday,1,9,60,1,340.32,0.0,23.868711800658204,26-35,0
100165,2025-03-02 02:52:58.378378,S4,West,59.0,M,Grocery,Product_92,7.0,29.12,0.15,173.26,24.89,Card,No,2025,3,March,2,Sunday,1,9,61,1,24.75142857142857,30.576,14.365693177882951,55+,1
100166,2025-03-02 11:37:39.459459,S2,West,37.0,F,Electronics,Product_30,4.0,499.38,0.15,1697.89,273.53,Card,Yes,2025,3,March,2,Sunday,1,9,61,1,424.4725,299.628,16.109995347166187,36-45,1
100167,2025-03-02 20:22:20.540540,S1,South,23.0,M,Home,Product_4,2.0,348.85,0.05,662.82,161.89,UPI,Yes,2025,3,March,2,Sunday,1,9,61,1,331.41,34.885000000000005,24.424428955070752,18-25,0
100168,2025-03-03 05:07:01.621621,S1,North,29.0,F,Clothing,Product_39,3.0,50.59,0.2,121.42,23.28,Card,Yes,2025,3,March,3,Monday,1,10,62,0,40.473333333333336,30.354000000000003,19.173118102454293,26-35,1
100169,2025-03-03 13:51:42.702702,S3,South,19.0,M,Clothing,Product_84,2.0,70.04,0.2,112.06,22.6,Cash,No,2025,3,March,3,Monday,1,10,62,0,56.03,28.016000000000005,20.16776726753525,18-25,1
100170,2025-03-03 22:36:23.783783,S3,East,24.0,F,Electronics,Product_64,4.0,320.12,0.2,1024.38,152.36,UPI,Yes,2025,3,March,3,Monday,1,10,62,0,256.095,256.096,14.873386829106385,18-25,1
100171,2025-03-04 07:21:04.864864,S1,West,33.0,M,Clothing,Product_25,2.0,126.26,0.05,239.89,57.17,Card,No,2025,3,March,4,Tuesday,1,10,63,0,119.945,12.626000000000001,23.83175622160157,26-35,0
100172,2025-03-04 16:05:45.945945,S2,East,20.0,M,Clothing,Product_28,2.0,104.49,0.0,208.98,59.66,Card,Yes,2025,3,March,4,Tuesday,1,10,63,0,104.49,0.0,28.54818642932338,18-25,0
100173,2025-03-05 00:50:27.027027,S1,North,62.0,M,Clothing,Product_76,2.0,175.11,0.1,315.2,58.7,UPI,Yes,2025,3,March,5,Wednesday,1,10,64,0,157.6,35.022000000000006,18.62309644670051,55+,0
100174,2025-03-05 09:35:08.108108,S3,East,20.0,M,Home,Product_66,5.0,267.2,0.1,1202.4,238.04,UPI,Yes,2025,3,March,5,Wednesday,1,10,64,0,240.48000000000002,133.6,19.79707252162342,18-25,0
100175,2025-03-05 18:19:49.189189,S1,East,44.0,F,Home,Product_78,6.0,113.61,0.0,681.66,177.83,Card,No,2025,3,March,5,Wednesday,1,10,64,0,113.61,0.0,26.087785699615644,36-45,0
100176,2025-03-06 03:04:30.270270,S3,West,67.0,F,Home,Product_22,3.0,81.53,0.15,207.9,44.16,Card,No,2025,3,March,6,Thursday,1,10,65,0,69.3,36.6885,21.240981240981238,55+,1
100177,2025-03-06 11:49:11.351351,S2,North,60.0,F,Grocery,Product_31,1.0,56.63,0.0,56.63,10.73,UPI,No,2025,3,March,6,Thursday,1,10,65,0,56.63,0.0,18.947554299841073,55+,0
100178,2025-03-06 20:33:52.432432,S4,East,57.0,F,Clothing,Product_23,2.0,45.35,0.05,86.16,20.01,Card,Yes,2025,3,March,6,Thursday,1,10,65,0,43.08,4.535,23.22423398328691,55+,0
100179,2025-03-07 05:18:33.513513,S1,East,55.0,F,Electronics,Product_48,8.0,425.69,0.05,2310.6412499999997,476.705,Cash,Yes,2025,3,March,7,Friday,1,10,66,0,288.83015624999996,170.276,20.630853015369656,46-55,0
100180,2025-03-07 14:03:14.594594,S2,West,50.0,F,Home,Product_20,4.0,143.31,0.1,515.92,96.59,UPI,Yes,2025,3,March,7,Friday,1,10,66,0,128.98,57.324000000000005,18.721894867421305,46-55,0
100181,2025-03-07 22:47:55.675675,S1,South,45.0,F,Electronics,Product_38,4.0,264.41,0.05,1004.76,213.29,Card,Yes,2025,3,March,7,Friday,1,10,66,0,251.19,52.882000000000005,21.22795493451172,36-45,0
100182,2025-03-08 07:32:36.756756,S4,East,18.0,F,Clothing,Product_55,1.0,21.73,0.15,18.47,3.65,Card,No,2025,3,March,8,Saturday,1,10,67,1,18.47,3.2595,19.761775852734164,18-25,1
100183,2025-03-08 16:17:17.837837,S4,West,44.0,M,Electronics,Product_68,6.0,395.35,0.1,2134.89,351.27,Card,Yes,2025,3,March,8,Saturday,1,10,67,1,355.815,237.21000000000004,16.453775135955482,36-45,0
100184,2025-03-09 01:01:58.918918,S1,North,54.0,F,Electronics,Product_79,4.0,189.64,0.15,644.78,90.83,UPI,Yes,2025,3,March,9,Sunday,1,10,68,1,161.195,113.78399999999999,14.086975402462857,46-55,1
100185,2025-03-09 09:46:40.000000,S3,West,49.0,M,Grocery,Product_88,2.0,62.97,0.2,100.75,10.36,Card,No,2025,3,March,9,Sunday,1,10,68,1,50.375,25.188000000000002,10.28287841191067,46-55,1
100186,2025-03-09 18:31:21.081081,S4,East,65.0,F,Electronics,Product_89,1.0,322.15,0.1,289.94,51.06,Card,No,2025,3,March,9,Sunday,1,10,68,1,289.94,32.214999999999996,17.61054011174726,55+,0
100187,2025-03-10 03:16:02.162162,S3,North,60.0,F,Clothing,Product_1,3.0,145.48,0.2,349.15,73.38,UPI,No,2025,3,March,10,Monday,1,11,69,0,116.38333333333333,87.288,21.01675497637119,55+,1
100188,2025-03-10 12:00:43.243243,S2,South,54.0,M,Electronics,Product_7,7.0,354.37,0.0,2310.6412499999997,476.705,Card,Yes,2025,3,March,10,Monday,1,11,69,0,330.0916071428571,0.0,20.630853015369656,46-55,0
100189,2025-03-10 20:45:24.324324,S1,East,21.0,M,Home,Product_57,8.0,74.73,0.05,567.95,113.39,UPI,No,2025,3,March,10,Monday,1,11,69,0,70.99375,29.892000000000003,19.964785632538074,18-25,0
100190,2025-03-11 05:30:05.405405,S1,North,47.0,F,Clothing,Product_95,5.0,142.5,0.0,712.5,203.43,UPI,Yes,2025,3,March,11,Tuesday,1,11,70,0,142.5,0.0,28.551578947368423,46-55,0
100191,2025-03-11 14:14:46.486486,S4,East,23.0,F,Home,Product_12,6.0,70.94,0.0,425.64,91.41,UPI,No,2025,3,March,11,Tuesday,1,11,70,0,70.94,0.0,21.47589512263885,18-25,0
100192,2025-03-11 22:59:27.567567,S4,South,63.0,M,Clothing,Product_5,1.0,96.59,0.15,82.1,16.61,Cash,No,2025,3,March,11,Tuesday,1,11,70,0,82.1,14.4885,20.23142509135201,55+,1
100193,2025-03-12 07:44:08.648648,S3,East,36.0,F,Electronics,Product_50,5.0,210.32,0.0,1051.6,223.7,Cash,No,2025,3,March,12,Wednesday,1,11,71,0,210.32,0.0,21.272346899961963,36-45,0
100194,2025-03-12 16:28:49.729729,S2,North,49.0,F,Clothing,Product_42,5.0,140.37,0.05,666.76,167.58,Card,Yes,2025,3,March,12,Wednesday,1,11,71,0,133.352,35.0925,25.133481312616233,46-55,0
100195,2025-03-13 01:13:30.810810,S2,West,44.0,M,Electronics,Product_12,2.0,469.06,0.1,844.31,124.16,Card,No,2025,3,March,13,Thursday,1,11,72,0,422.155,93.81200000000001,14.70549916499864,36-45,0
100196,2025-03-13 09:58:11.891891,S3,West,29.0,F,Clothing,Product_18,8.0,108.66,0.1,782.35,209.22,Card,Yes,2025,3,March,13,Thursday,1,11,72,0,97.79375,86.928,26.742506550776508,26-35,0
100197,2025-03-13 18:42:52.972972,S4,West,28.0,F,Clothing,Product_66,2.0,104.34,0.05,198.25,58.08,UPI,No,2025,3,March,13,Thursday,1,11,72,0,99.125,10.434000000000001,29.296343001261032,26-35,0
100198,2025-03-14 03:27:34.054054,S4,East,63.0,M,Grocery,Product_74,3.0,62.3,0.15,158.86,26.21,Card,No,2025,3,March,14,Friday,1,11,73,0,52.95333333333334,28.034999999999997,16.498803978345713,55+,1
100199,2025-03-14 12:12:15.135135,S3,North,33.0,F,Electronics,Product_79,5.0,151.78,0.0,758.9,184.38,Cash,No,2025,3,March,14,Friday,1,11,73,0,151.78,0.0,24.295691131901435,26-35,0
100200,2025-03-14 20:56:56.216216,S3,East,44.0,F,Home,Product_94,5.0,325.33,0.05,1545.32,343.2,UPI,No,2025,3,March,14,Friday,1,11,73,0,309.06399999999996,81.3325,22.208992312271892,36-45,0
100201,2025-03-15 05:41:37.297297,S1,North,62.0,M,Electronics,Product_17,6.0,219.11,0.1,1183.19,203.21,Card,No,2025,3,March,15,Saturday,1,11,74,1,197.19833333333335,131.466,17.174756378941673,55+,0
100202,2025-03-15 14:26:18.378378,S1,North,70.0,M,Clothing,Product_68,1.0,177.46,0.1,159.71,36.84,UPI,Yes,2025,3,March,15,Saturday,1,11,74,1,159.71,17.746000000000002,23.06680859057041,55+,0
100203,2025-03-15 23:10:59.459459,S4,South,38.0,M,Clothing,Product_71,7.0,137.8,0.05,916.37,274.65,Card,No,2025,3,March,15,Saturday,1,11,74,1,130.91,48.23000000000001,29.971518054934137,36-45,0
100204,2025-03-16 07:55:40.540540,S3,South,47.0,F,Grocery,Product_62,4.0,63.07,0.15,214.44,25.24,UPI,No,2025,3,March,16,Sunday,1,11,75,1,53.61,37.842,11.770192128334266,46-55,1
100205,2025-03-16 16:40:21.621621,S1,West,30.0,F,Electronics,Product_41,4.0,379.67,0.05,1442.75,325.17,UPI,No,2025,3,March,16,Sunday,1,11,75,1,360.6875,75.93400000000001,22.538208282793278,26-35,0
100206,2025-03-17 01:25:02.702702,S1,East,51.0,F,Electronics,Product_95,10.0,315.08,0.05,2310.6412499999997,476.705,Card,No,2025,3,March,17,Monday,1,12,76,0,231.06412499999996,157.54,20.630853015369656,46-55,0
100207,2025-03-17 10:09:43.783783,S3,South,21.0,F,Clothing,Product_34,6.0,111.46,0.0,668.76,189.79,Card,No,2025,3,March,17,Monday,1,12,76,0,111.46,0.0,28.379388719421016,18-25,0
100208,2025-03-17 18:54:24.864864,S1,South,45.0,F,Electronics,Product_70,1.0,166.24,0.1,149.62,22.59,Cash,Yes,2025,3,March,17,Monday,1,12,76,0,149.62,16.624000000000002,15.098248897206254,36-45,0
100209,2025-03-18 03:39:05.945945,S1,West,55.0,M,Electronics,Product_45,6.0,368.39,0.1,1989.31,354.34,UPI,No,2025,3,March,18,Tuesday,1,12,77,0,331.5516666666667,221.03400000000002,17.81220624236544,46-55,0
100210,2025-03-18 12:23:47.027027,S3,South,44.0,M,Clothing,Product_58,1.0,120.18,0.0,120.18,34.0,Cash,Yes,2025,3,March,18,Tuesday,1,12,77,0,120.18,0.0,28.290896987851553,36-45,0
100211,2025-03-18 21:08:28.108108,S3,South,44.0,M,Electronics,Product_51,1.0,461.92,0.05,438.82,98.98,Card,No,2025,3,March,18,Tuesday,1,12,77,0,438.82,23.096000000000004,22.555945490178207,36-45,0
100212,2025-03-19 05:53:09.189189,S3,North,22.0,M,Electronics,Product_34,3.0,326.98,0.15,833.8,133.73,Card,No,2025,3,March,19,Wednesday,1,12,78,0,277.93333333333334,147.141,16.038618373710722,18-25,1
100213,2025-03-19 14:37:50.270270,S1,West,42.0,F,Home,Product_44,10.0,73.14,0.05,694.83,143.02,Card,Yes,2025,3,March,19,Wednesday,1,12,78,0,69.483,36.57,20.58345206741217,36-45,0
100214,2025-03-19 23:22:31.351351,S3,East,20.0,F,Clothing,Product_15,2.0,68.99,0.0,137.98,41.36,UPI,No,2025,3,March,19,Wednesday,1,12,78,0,68.99,0.0,29.975358747644588,18-25,0
100215,2025-03-20 08:07:12.432432,S1,North,50.0,M,Electronics,Product_78,5.0,379.47,0.1,1707.62,299.6,Card,No,2025,3,March,20,Thursday,1,12,79,0,341.524,189.735,17.544887035757373,46-55,0
100216,2025-03-20 16:51:53.513513,S2,North,21.0,F,Electronics,Product_70,2.0,233.74,0.0,467.48,79.05,Card,No,2025,3,March,20,Thursday,1,12,79,0,233.74,0.0,16.909814323607424,18-25,0
100217,2025-03-21 01:36:34.594594,S3,East,42.0,F,Home,Product_50,6.0,134.16,0.15,684.22,134.45,UPI,Yes,2025,3,March,21,Friday,1,12,80,0,114.03666666666668,120.744,19.650112536903332,36-45,1
100218,2025-03-21 10:21:15.675675,S3,East,37.0,M,Electronics,Product_32,4.0,437.16,0.0,1748.64,402.21,UPI,Yes,2025,3,March,21,Friday,1,12,80,0,437.16,0.0,23.001303870436452,36-45,0
100219,2025-03-21 19:05:56.756756,S4,South,51.0,M,Clothing,Product_67,5.0,113.49,0.1,510.7,113.96,Card,No,2025,3,March,21,Friday,1,12,80,0,102.14,56.745,22.314470334834542,46-55,0
100220,2025-03-22 03:50:37.837837,S3,West,43.0,M,Electronics,Product_3,2.0,327.98,0.05,623.16,122.24,UPI,Yes,2025,3,March,22,Saturday,1,12,81,1,311.58,32.798,19.616149945439375,36-45,0
100221,2025-03-22 12:35:18.918918,S3,North,44.0,M,Home,Product_86,6.0,145.54,0.15,742.25,150.79,UPI,No,2025,3,March,22,Saturday,1,12,81,1,123.70833333333333,130.986,20.31525766251263,36-45,1
100222,2025-03-22 21:20:00.000000,S1,South,52.0,F,Clothing,Product_86,10.0,136.95,0.0,1369.5,392.55,Card,No,2025,3,March,22,Saturday,1,12,81,1,136.95,0.0,28.663745892661556,46-55,0
100223,2025-03-23 06:04:41.081081,S2,West,45.0,M,Home,Product_74,5.0,136.32,0.1,613.44,109.65,Card,Yes,2025,3,March,23,Sunday,1,12,82,1,122.68800000000002,68.16,17.87460876369327,36-45,0
100224,2025-03-23 14:49:22.162162,S1,South,46.0,M,Home,Product_51,4.0,271.12,0.1,976.03,229.44,Card,No,2025,3,March,23,Sunday,1,12,82,1,244.0075,108.44800000000001,23.507474155507516,46-55,0
100225,2025-03-23 23:34:03.243243,S1,East,26.0,F,Home,Product_67,9.0,71.03,0.05,607.31,160.41,UPI,No,2025,3,March,23,Sunday,1,12,82,1,67.47888888888889,31.9635,26.413199189870085,26-35,0
100226,2025-03-24 08:18:44.324324,S4,South,69.0,F,Electronics,Product_76,1.0,452.59,0.05,429.96,81.6,Cash,No,2025,3,March,24,Monday,1,13,83,0,429.96,22.6295,18.97850962880268,55+,0
100227,2025-03-24 17:03:25.405405,S2,South,55.0,M,Electronics,Product_93,6.0,324.85,0.1,1754.19,248.75,Card,Yes,2025,3,March,24,Monday,1,13,83,0,292.365,194.91000000000003,14.180333943301465,46-55,0
100228,2025-03-25 01:48:06.486486,S4,West,67.0,M,Clothing,Product_48,8.0,90.16,0.2,577.02,124.3,Card,No,2025,3,March,25,Tuesday,1,13,84,0,72.1275,144.256,21.541714325326677,55+,1
100229,2025-03-25 10:32:47.567567,S3,South,23.0,M,Electronics,Product_17,1.0,363.86,0.0,363.86,75.15,Cash,Yes,2025,3,March,25,Tuesday,1,13,84,0,363.86,0.0,20.653548067938218,18-25,0
100230,2025-03-25 19:17:28.648648,S4,West,36.0,M,Electronics,Product_7,4.0,368.47,0.0,1473.88,340.04,Cash,No,2025,3,March,25,Tuesday,1,13,84,0,368.47,0.0,23.07107769967704,36-45,0
100231,2025-03-26 04:02:09.729729,S2,North,61.0,M,Home,Product_13,2.0,89.61,0.15,152.34,35.65,UPI,Yes,2025,3,March,26,Wednesday,1,13,85,0,76.17,26.883,23.40160168045162,55+,1
100232,2025-03-26 12:46:50.810810,S3,North,28.0,F,Clothing,Product_66,5.0,141.0,0.0,705.0,175.6,Cash,No,2025,3,March,26,Wednesday,1,13,85,0,141.0,0.0,24.907801418439714,26-35,0
100233,2025-03-26 21:31:31.891891,S2,North,44.0,M,Clothing,Product_4,5.0,64.15,0.2,256.6,47.23,UPI,No,2025,3,March,26,Wednesday,1,13,85,0,51.32000000000001,64.15,18.40607950116913,36-45,1
100234,2025-03-27 06:16:12.972972,S1,East,64.0,M,Home,Product_10,3.0,321.49,0.1,868.02,178.91,UPI,No,2025,3,March,27,Thursday,1,13,86,0,289.34,96.447,20.611276237874705,55+,0
100235,2025-03-27 15:00:54.054054,S3,South,61.0,F,Home,Product_88,4.0,295.36,0.1,1063.3,250.76,Card,No,2025,3,March,27,Thursday,1,13,86,0,265.825,118.144,23.58318442584407,55+,0
100236,2025-03-27 23:45:35.135135,S2,West,61.0,M,Electronics,Product_17,3.0,271.19,0.0,813.57,236.84,Card,Yes,2025,3,March,27,Thursday,1,13,86,0,271.19,0.0,29.111201248816943,55+,0
100237,2025-03-28 08:30:16.216216,S1,South,26.0,M,Grocery,Product_52,3.0,65.58,0.0,196.74,36.39,Card,No,2025,3,March,28,Friday,1,13,87,0,65.58,0.0,18.49649283318085,26-35,0
100238,2025-03-28 17:14:57.297297,S3,West,38.0,M,Electronics,Product_6,2.0,274.74,0.1,494.53,72.87,UPI,Yes,2025,3,March,28,Friday,1,13,87,0,247.265,54.94800000000001,14.735203122156392,36-45,0
100239,2025-03-29 01:59:38.378378,S1,North,41.0,F,Home,Product_83,8.0,80.28,0.2,513.79,83.79,Cash,Yes,2025,3,March,29,Saturday,1,13,88,1,64.22375,128.448,16.308219311391817,36-45,1
100240,2025-03-29 10:44:19.459459,S4,West,51.0,M,Home,Product_69,1.0,338.57,0.2,270.86,41.85,UPI,Yes,2025,3,March,29,Saturday,1,13,88,1,270.86,67.714,15.450786384109872,46-55,1
100241,2025-03-29 19:29:00.540540,S4,West,39.0,F,Home,Product_96,8.0,245.78,0.0,1966.24,476.705,Card,No,2025,3,March,29,Saturday,1,13,88,1,245.78,0.0,24.244497111237692,36-45,0
100242,2025-03-30 04:13:41.621621,S4,West,20.0,F,Clothing,Product_74,5.0,92.98,0.0,464.9,133.68,Card,No,2025,3,March,30,Sunday,1,13,89,1,92.97999999999999,0.0,28.75457087545709,18-25,0
100243,2025-03-30 12:58:22.702702,S2,West,29.0,M,Electronics,Product_9,3.0,289.22,0.0,867.66,172.81,Card,No,2025,3,March,30,Sunday,1,13,89,1,289.21999999999997,0.0,19.91678768181085,26-35,0
100244,2025-03-30 21:43:03.783783,S1,East,45.0,F,Clothing,Product_91,6.0,71.95,0.15,366.95,74.61,Card,No,2025,3,March,30,Sunday,1,13,89,1,61.15833333333333,64.75500000000001,20.332470363809783,36-45,1
100245,2025-03-31 06:27:44.864864,S4,East,47.0,M,Home,Product_77,4.0,344.43,0.0,1377.72,334.51,UPI,Yes,2025,3,March,31,Monday,1,14,90,0,344.43,0.0,24.279969805185377,46-55,0
100246,2025-03-31 15:12:25.945945,S2,North,43.0,M,Clothing,Product_83,4.0,41.56,0.0,166.24,45.75,Cash,No,2025,3,March,31,Monday,1,14,90,0,41.56,0.0,27.52045235803657,36-45,0
100247,2025-03-31 23:57:07.027027,S4,North,65.0,F,Grocery,Product_21,1.0,28.61,0.0,28.61,5.13,Card,Yes,2025,3,March,31,Monday,1,14,90,0,28.61,0.0,17.930793428871024,55+,0
100248,2025-04-01 08:41:48.108108,S4,West,38.0,F,Clothing,Product_24,3.0,97.68,0.05,278.39,72.65,Card,No,2025,4,April,1,Tuesday,2,14,91,0,92.79666666666667,14.652000000000001,26.09648335069507,36-45,0
100249,2025-04-01 17:26:29.189189,S4,East,44.0,F,Electronics,Product_4,2.0,317.3,0.2,507.68,83.61,UPI,Yes,2025,4,April,1,Tuesday,2,14,91,0,253.84,126.92000000000002,16.469035612984555,36-45,1
100250,2025-04-02 02:11:10.270270,S2,West,43.0,M,Electronics,Product_24,1.0,314.98,0.05,299.23,57.47,Card,Yes,2025,4,April,2,Wednesday,2,14,92,0,299.23,15.749000000000002,19.205961969053902,36-45,0
100251,2025-04-02 10:55:51.351351,S2,South,50.0,M,Clothing,Product_59,3.0,48.13,0.0,144.39,38.86,Cash,No,2025,4,April,2,Wednesday,2,14,92,0,48.129999999999995,0.0,26.91322113719787,46-55,0
100252,2025-04-02 19:40:32.432432,S4,North,38.0,F,Clothing,Product_99,1.0,43.19,0.05,41.03,9.57,Card,No,2025,4,April,2,Wednesday,2,14,92,0,41.03,2.1595,23.324396782841823,36-45,0
100253,2025-04-03 04:25:13.513513,S2,North,52.0,M,Home,Product_3,2.0,126.43,0.05,240.22,54.18,Card,No,2025,4,April,3,Thursday,2,14,93,0,120.11,12.643,22.55432520189826,46-55,0
100254,2025-04-03 13:09:54.594594,S1,East,69.0,M,Home,Product_68,1.0,324.36,0.0,324.36,82.75,Card,Yes,2025,4,April,3,Thursday,2,14,93,0,324.36,0.0,25.51177703785917,55+,0
100255,2025-04-03 21:54:35.675675,S3,South,51.0,M,Home,Product_40,1.0,83.92,0.0,83.92,18.09,Card,Yes,2025,4,April,3,Thursday,2,14,93,0,83.92,0.0,21.55624404194471,46-55,0
100256,2025-04-04 06:39:16.756756,S4,North,44.0,M,Grocery,Product_48,2.0,61.81,0.1,111.26,14.81,UPI,No,2025,4,April,4,Friday,2,14,94,0,55.63,12.362000000000002,13.311163041524358,36-45,0
100257,2025-04-04 15:23:57.837837,S3,South,68.0,F,Home,Product_54,10.0,277.26,0.0,2310.6412499999997,476.705,Card,No,2025,4,April,4,Friday,2,14,94,0,231.06412499999996,0.0,20.630853015369656,55+,0
100258,2025-04-05 00:08:38.918918,S3,North,64.0,M,Electronics,Product_35,1.0,433.42,0.0,433.42,100.97,Card,Yes,2025,4,April,5,Saturday,2,14,95,1,433.42,0.0,23.296110008767474,55+,0
100259,2025-04-05 08:53:20.000000,S1,East,35.0,F,Home,Product_95,5.0,315.98,0.05,1500.9,356.42,UPI,No,2025,4,April,5,Saturday,2,14,95,1,300.18,78.995,23.747085082283963,26-35,0
100260,2025-04-05 17:38:01.081081,S3,North,28.0,M,Electronics,Product_56,2.0,242.06,0.15,411.5,70.95,Card,Yes,2025,4,April,5,Saturday,2,14,95,1,205.75,72.618,17.241798298906442,26-35,1
100261,2025-04-06 02:22:42.162162,S4,West,40.0,F,Electronics,Product_89,9.0,228.6,0.1,1851.66,312.05,Card,Yes,2025,4,April,6,Sunday,2,14,96,1,205.74,205.74,16.852445913396625,36-45,0
100262,2025-04-06 11:07:23.243243,S1,South,65.0,M,Home,Product_40,1.0,189.65,0.1,170.68,33.43,UPI,Yes,2025,4,April,6,Sunday,2,14,96,1,170.68,18.965,19.58636044059058,55+,0
100263,2025-04-06 19:52:04.324324,S2,South,39.0,M,Clothing,Product_77,9.0,62.41,0.1,505.52,134.18,UPI,No,2025,4,April,6,Sunday,2,14,96,1,56.16888888888889,56.169,26.54296565912328,36-45,0
100264,2025-04-07 04:36:45.405405,S4,North,34.0,M,Electronics,Product_68,5.0,407.01,0.1,1831.54,360.03,Cash,No,2025,4,April,7,Monday,2,15,97,0,366.308,203.505,19.657228343361325,26-35,0
100265,2025-04-07 13:21:26.486486,S3,North,22.0,M,Electronics,Product_46,1.0,372.58,0.0,372.58,76.41,Card,Yes,2025,4,April,7,Monday,2,15,97,0,372.58,0.0,20.50834720060121,18-25,0
100266,2025-04-07 22:06:07.567567,S3,South,61.0,F,Electronics,Product_78,8.0,456.25,0.2,2310.6412499999997,299.08,Card,No,2025,4,April,7,Monday,2,15,97,0,288.83015624999996,730.0,12.94359303937814,55+,1
100267,2025-04-08 06:50:48.648648,S3,South,28.0,F,Grocery,Product_13,4.0,11.21,0.0,44.84,7.42,Card,No,2025,4,April,8,Tuesday,2,15,98,0,11.21,0.0,16.54772524531668,26-35,0
100268,2025-04-08 15:35:29.729729,S2,East,47.0,F,Electronics,Product_27,2.0,470.28,0.05,893.53,188.42,Card,Yes,2025,4,April,8,Tuesday,2,15,98,0,446.765,47.028,21.08714872472105,46-55,0
100269,2025-04-09 00:20:10.810810,S2,South,32.0,M,Electronics,Product_6,6.0,252.67,0.15,1288.62,189.21,UPI,No,2025,4,April,9,Wednesday,2,15,99,0,214.76999999999998,227.403,14.683149415653956,26-35,1
100270,2025-04-09 09:04:51.891891,S4,East,44.0,M,Clothing,Product_17,9.0,98.51,0.05,842.26,224.55,Cash,Yes,2025,4,April,9,Wednesday,2,15,99,0,93.58444444444444,44.3295,26.660413648991998,36-45,0
100271,2025-04-09 17:49:32.972972,S4,West,52.0,M,Clothing,Product_36,4.0,90.18,0.2,288.58,65.91,UPI,No,2025,4,April,9,Wednesday,2,15,99,0,72.145,72.144,22.839420611268974,46-55,1
100272,2025-04-10 02:34:14.054054,S4,West,50.0,F,Grocery,Product_99,3.0,62.02,0.05,176.76,27.95,Card,No,2025,4,April,10,Thursday,2,15,100,0,58.919999999999995,9.303,15.812400995700385,46-55,0
100273,2025-04-10 11:18:55.135135,S4,North,37.0,F,Electronics,Product_81,7.0,297.12,0.15,1767.86,291.13,UPI,Yes,2025,4,April,10,Thursday,2,15,100,0,252.55142857142854,311.976,16.467932981118416,36-45,1
100274,2025-04-10 20:03:36.216216,S2,South,33.0,F,Clothing,Product_2,6.0,170.97,0.15,871.95,203.77,Cash,Yes,2025,4,April,10,Thursday,2,15,100,0,145.32500000000002,153.873,23.369459257984975,26-35,1
100275,2025-04-11 04:48:17.297297,S2,North,44.0,M,Home,Product_77,8.0,320.76,0.2,2052.86,304.56,Card,No,2025,4,April,11,Friday,2,15,101,0,256.6075,513.216,14.835887493545588,36-45,1
100276,2025-04-11 13:32:58.378378,S4,North,19.0,F,Grocery,Product_52,6.0,70.41,0.2,337.97,28.57,UPI,No,2025,4,April,11,Friday,2,15,101,0,56.32833333333334,84.492,8.453413024824687,18-25,1
100277,2025-04-11 22:17:39.459459,S3,West,52.0,M,Home,Product_66,2.0,71.38,0.15,121.35,24.82,Cash,No,2025,4,April,11,Friday,2,15,101,0,60.675,21.413999999999998,20.453234445817884,46-55,1
100278,2025-04-12 07:02:20.540540,S3,North,57.0,F,Home,Product_52,9.0,306.28,0.1,2310.6412499999997,476.705,UPI,Yes,2025,4,April,12,Saturday,2,15,102,1,256.73791666666665,275.652,20.630853015369656,55+,0
100279,2025-04-12 15:47:01.621621,S4,South,45.0,F,Electronics,Product_92,1.0,423.57,0.05,402.39,81.46,UPI,Yes,2025,4,April,12,Saturday,2,15,102,1,402.39,21.1785,20.244041849946566,36-45,0
100280,2025-04-13 00:31:42.702702,S4,East,64.0,F,Clothing,Product_43,2.0,36.56,0.0,73.12,20.52,Card,Yes,2025,4,April,13,Sunday,2,15,103,1,36.56,0.0,28.06345733041575,55+,0
100281,2025-04-13 09:16:23.783783,S2,East,56.0,F,Clothing,Product_90,4.0,37.19,0.1,133.88,34.75,Card,Yes,2025,4,April,13,Sunday,2,15,103,1,33.47,14.876,25.956080071706005,55+,0
100282,2025-04-13 18:01:04.864864,S2,East,23.0,M,Grocery,Product_22,5.0,12.59,0.2,50.36,5.47,Card,No,2025,4,April,13,Sunday,2,15,103,1,10.072,12.590000000000002,10.86179507545671,18-25,1
100283,2025-04-14 02:45:45.945945,S1,North,26.0,F,Electronics,Product_55,1.0,153.97,0.1,138.57,26.19,UPI,No,2025,4,April,14,Monday,2,16,104,0,138.57,15.397,18.900194847369562,26-35,0
100284,2025-04-14 11:30:27.027027,S3,South,37.0,M,Electronics,Product_67,7.0,342.02,0.2,1915.31,314.96,Card,No,2025,4,April,14,Monday,2,16,104,0,273.61571428571426,478.828,16.44433538173977,36-45,1
100285,2025-04-14 20:15:08.108108,S1,South,18.0,F,Clothing,Product_99,3.0,175.74,0.15,448.14,112.99,Cash,Yes,2025,4,April,14,Monday,2,16,104,0,149.38,79.083,25.213103048154593,18-25,1
100286,2025-04-15 04:59:49.189189,S2,North,25.0,M,Electronics,Product_60,3.0,303.54,0.0,910.62,241.2,UPI,No,2025,4,April,15,Tuesday,2,16,105,0,303.54,0.0,26.487448112275153,18-25,0
100287,2025-04-15 13:44:30.270270,S3,South,40.0,M,Electronics,Product_58,7.0,339.27,0.0,2310.6412499999997,476.705,UPI,No,2025,4,April,15,Tuesday,2,16,105,0,330.0916071428571,0.0,20.630853015369656,36-45,0
100288,2025-04-15 22:29:11.351351,S2,North,20.0,F,Grocery,Product_12,3.0,77.6,0.05,221.16,46.31,Card,No,2025,4,April,15,Tuesday,2,16,105,0,73.72,11.64,20.93959124615663,18-25,0
100289,2025-04-16 07:13:52.432432,S3,North,21.0,F,Clothing,Product_88,1.0,60.83,0.0,60.83,15.7,Card,No,2025,4,April,16,Wednesday,2,16,106,0,60.83,0.0,25.809633404570114,18-25,0
100290,2025-04-16 15:58:33.513513,S1,South,42.0,F,Home,Product_69,2.0,307.54,0.1,553.57,137.68,UPI,No,2025,4,April,16,Wednesday,2,16,106,0,276.785,61.50800000000001,24.87128999042578,36-45,0
100291,2025-04-17 00:43:14.594594,S1,North,64.0,M,Home,Product_84,9.0,213.92,0.2,1540.22,242.31,UPI,No,2025,4,April,17,Thursday,2,16,107,0,171.13555555555556,385.05600000000004,15.732168131825325,55+,1
100292,2025-04-17 09:27:55.675675,S4,East,55.0,F,Clothing,Product_39,1.0,111.12,0.15,94.45,20.65,UPI,Yes,2025,4,April,17,Thursday,2,16,107,0,94.45,16.668,21.86341979883536,46-55,1
100293,2025-04-17 18:12:36.756756,S2,East,32.0,M,Electronics,Product_13,3.0,270.11,0.05,769.81,154.25,Card,Yes,2025,4,April,17,Thursday,2,16,107,0,256.6033333333333,40.51650000000001,20.037411828892846,26-35,0
100294,2025-04-18 02:57:17.837837,S1,West,38.0,F,Electronics,Product_41,4.0,346.55,0.0,1386.2,280.93,UPI,No,2025,4,April,18,Friday,2,16,108,0,346.55,0.0,20.266195354205742,36-45,0
100295,2025-04-18 11:41:58.918918,S2,North,52.0,M,Clothing,Product_57,4.0,31.7,0.05,120.46,31.53,UPI,No,2025,4,April,18,Friday,2,16,108,0,30.115,6.34,26.174663788809564,46-55,0
100296,2025-04-18 20:26:40.000000,S3,North,70.0,F,Home,Product_53,1.0,279.39,0.05,265.42,56.72,UPI,Yes,2025,4,April,18,Friday,2,16,108,0,265.42,13.9695,21.369904302614724,55+,0
100297,2025-04-19 05:11:21.081081,S1,North,70.0,F,Clothing,Product_12,4.0,65.55,0.05,249.09,58.61,UPI,No,2025,4,April,19,Saturday,2,16,109,1,62.2725,13.11,23.52964791842306,55+,0
100298,2025-04-19 13:56:02.162162,S3,East,63.0,F,Electronics,Product_13,3.0,460.66,0.0,1381.98,302.97,UPI,No,2025,4,April,19,Saturday,2,16,109,1,460.66,0.0,21.922893240133725,55+,0
100299,2025-04-19 22:40:43.243243,S1,East,44.0,M,Clothing,Product_74,10.0,78.86,0.05,749.17,218.61,Card,No,2025,4,April,19,Saturday,2,16,109,1,74.917,39.43000000000001,29.180292857428892,36-45,0
100300,2025-04-20 07:25:24.324324,S1,North,31.0,M,Grocery,Product_97,2.0,15.71,0.0,31.42,5.5,Card,Yes,2025,4,April,20,Sunday,2,16,110,1,15.71,0.0,17.50477402928071,26-35,0
100301,2025-04-20 16:10:05.405405,S2,West,53.0,F,Home,Product_57,3.0,258.76,0.2,621.02,117.26,UPI,No,2025,4,April,20,Sunday,2,16,110,1,207.00666666666666,155.256,18.88183955428167,46-55,1
100302,2025-04-21 00:54:46.486486,S3,North,29.0,M,Grocery,Product_40,3.0,17.34,0.0,52.02,8.48,Card,No,2025,4,April,21,Monday,2,17,111,0,17.34,0.0,16.301422529796234,26-35,0
100303,2025-04-21 09:39:27.567567,S3,East,34.0,F,Home,Product_80,3.0,276.1,0.0,828.3,185.81,UPI,Yes,2025,4,April,21,Monday,2,17,111,0,276.09999999999997,0.0,22.432693468550045,26-35,0
100304,2025-04-21 18:24:08.648648,S3,East,56.0,M,Clothing,Product_45,5.0,174.9,0.0,874.5,252.8,UPI,Yes,2025,4,April,21,Monday,2,17,111,0,174.9,0.0,28.90794739851344,55+,0
100305,2025-04-22 03:08:49.729729,S4,West,26.0,M,Home,Product_35,2.0,283.87,0.05,539.35,142.99,Cash,No,2025,4,April,22,Tuesday,2,17,112,0,269.675,28.387,26.511541670529343,26-35,0
100306,2025-04-22 11:53:30.810810,S2,East,52.0,F,Electronics,Product_3,2.0,157.86,0.1,284.15,52.33,UPI,No,2025,4,April,22,Tuesday,2,17,112,0,142.075,31.572000000000003,18.416329403484077,46-55,0
100307,2025-04-22 20:38:11.891891,S2,West,30.0,F,Home,Product_5,6.0,229.97,0.1,1241.84,281.32,Card,No,2025,4,April,22,Tuesday,2,17,112,0,206.97333333333333,137.982,22.653481930039298,26-35,0
100308,2025-04-23 05:22:52.972972,S4,South,32.0,F,Home,Product_90,4.0,258.62,0.05,982.76,255.42,Card,No,2025,4,April,23,Wednesday,2,17,113,0,245.69,51.724000000000004,25.99006878586837,26-35,0
100309,2025-04-23 14:07:34.054054,S1,West,35.0,F,Electronics,Product_11,3.0,438.91,0.1,1185.06,212.44,UPI,Yes,2025,4,April,23,Wednesday,2,17,113,0,395.02,131.673,17.92651848851535,26-35,0
100310,2025-04-23 22:52:15.135135,S2,North,68.0,M,Home,Product_71,2.0,66.8,0.05,126.92,28.81,Card,No,2025,4,April,23,Wednesday,2,17,113,0,63.46,6.68,22.699338165773714,55+,0
100311,2025-04-24 07:36:56.216216,S1,West,44.0,F,Grocery,Product_56,2.0,41.01,0.1,73.82,11.03,UPI,Yes,2025,4,April,24,Thursday,2,17,114,0,36.91,8.202,14.941750203196966,36-45,0
100312,2025-04-24 16:21:37.297297,S1,East,23.0,M,Electronics,Product_10,1.0,337.38,0.0,337.38,78.61,UPI,Yes,2025,4,April,24,Thursday,2,17,114,0,337.38,0.0,23.30013634477444,18-25,0
100313,2025-04-25 01:06:18.378378,S4,West,44.0,F,Home,Product_34,1.0,100.74,0.05,95.7,19.33,Card,Yes,2025,4,April,25,Friday,2,17,115,0,95.7,5.037,20.198537095088817,36-45,0
100314,2025-04-25 09:50:59.459459,S4,South,40.0,F,Electronics,Product_67,4.0,262.86,0.15,893.72,148.28,Card,Yes,2025,4,April,25,Friday,2,17,115,0,223.43,157.716,16.59132614241597,36-45,1
100315,2025-04-25 18:35:40.540540,S3,East,44.0,M,Home,Product_72,8.0,182.07,0.15,1238.08,235.22,UPI,No,2025,4,April,25,Friday,2,17,115,0,154.76,218.48399999999998,18.998772292582064,36-45,1
100316,2025-04-26 03:20:21.621621,S2,East,51.0,F,Clothing,Product_31,3.0,153.31,0.1,413.94,92.81,Cash,No,2025,4,April,26,Saturday,2,17,116,1,137.98,45.993,22.421123834372132,46-55,0
100317,2025-04-26 12:05:02.702702,S1,East,63.0,F,Clothing,Product_75,3.0,168.71,0.0,506.13,141.01,Card,No,2025,4,April,26,Saturday,2,17,116,1,168.71,0.0,27.86043111453579,55+,0
100318,2025-04-26 20:49:43.783783,S1,North,55.0,M,Grocery,Product_71,1.0,52.13,0.0,52.13,8.17,Cash,Yes,2025,4,April,26,Saturday,2,17,116,1,52.13,0.0,15.672357567619413,46-55,0
100319,2025-04-27 05:34:24.864864,S1,North,31.0,F,Grocery,Product_66,3.0,34.62,0.2,83.09,5.8,UPI,No,2025,4,April,27,Sunday,2,17,117,1,27.69666666666667,20.772,6.9803827175352025,26-35,1
100320,2025-04-27 14:19:05.945945,S3,North,53.0,M,Home,Product_70,1.0,126.21,0.0,126.21,31.72,Cash,No,2025,4,April,27,Sunday,2,17,117,1,126.21,0.0,25.132715315743603,46-55,0
100321,2025-04-27 23:03:47.027027,S3,North,70.0,M,Electronics,Product_41,8.0,493.75,0.0,2310.6412499999997,476.705,Card,No,2025,4,April,27,Sunday,2,17,117,1,288.83015624999996,0.0,20.630853015369656,55+,0
100322,2025-04-28 07:48:28.108108,S3,West,44.0,F,Grocery,Product_63,5.0,78.73,0.0,393.65,68.12,Card,No,2025,4,April,28,Monday,2,18,118,0,78.72999999999999,0.0,17.30471230788772,36-45,0
100323,2025-04-28 16:33:09.189189,S1,North,52.0,F,Electronics,Product_32,10.0,473.74,0.05,2310.6412499999997,476.705,UPI,Yes,2025,4,April,28,Monday,2,18,118,0,231.06412499999996,236.87,20.630853015369656,46-55,0
100324,2025-04-29 01:17:50.270270,S4,West,36.0,F,Grocery,Product_20,8.0,63.93,0.0,511.44,83.82,Cash,Yes,2025,4,April,29,Tuesday,2,18,119,0,63.93,0.0,16.389019239793523,36-45,0
100325,2025-04-29 10:02:31.351351,S3,South,47.0,F,Clothing,Product_57,4.0,72.12,0.05,274.06,74.26,Card,Yes,2025,4,April,29,Tuesday,2,18,119,0,68.515,14.424000000000001,27.09625629424214,46-55,0
100326,2025-04-29 18:47:12.432432,S3,North,31.0,F,Electronics,Product_98,4.0,435.95,0.05,1656.61,386.57,UPI,No,2025,4,April,29,Tuesday,2,18,119,0,414.1525,87.19,23.33500341057944,26-35,0
100327,2025-04-30 03:31:53.513513,S3,West,37.0,F,Home,Product_50,2.0,172.64,0.2,276.22,51.21,Cash,No,2025,4,April,30,Wednesday,2,18,120,0,138.11,69.056,18.539569908044314,36-45,1
100328,2025-04-30 12:16:34.594594,S2,East,66.0,M,Electronics,Product_80,4.0,264.37,0.0,1057.48,260.16,Card,Yes,2025,4,April,30,Wednesday,2,18,120,0,264.37,0.0,24.601883723569244,55+,0
100329,2025-04-30 21:01:15.675675,S1,South,42.0,M,Electronics,Product_25,8.0,410.7,0.05,2310.6412499999997,476.705,UPI,Yes,2025,4,April,30,Wednesday,2,18,120,0,288.83015624999996,164.28,20.630853015369656,36-45,0
100330,2025-05-01 05:45:56.756756,S2,East,57.0,M,Clothing,Product_12,1.0,32.74,0.1,29.47,7.03,Cash,Yes,2025,5,May,1,Thursday,2,18,121,0,29.47,3.2740000000000005,23.854767560230744,55+,0
100331,2025-05-01 14:30:37.837837,S3,East,41.0,M,Electronics,Product_71,8.0,167.0,0.1,1202.4,240.93,Card,No,2025,5,May,1,Thursday,2,18,121,0,150.3,133.6,20.037425149700596,36-45,0
100332,2025-05-01 23:15:18.918918,S1,North,31.0,F,Electronics,Product_39,3.0,306.78,0.05,874.32,150.4,Card,Yes,2025,5,May,1,Thursday,2,18,121,0,291.44,46.016999999999996,17.201939793210723,26-35,0
100333,2025-05-02 08:00:00.000000,S1,West,43.0,M,Electronics,Product_17,8.0,305.97,0.15,2080.6,305.5,UPI,Yes,2025,5,May,2,Friday,2,18,122,0,260.075,367.16400000000004,14.68326444294915,36-45,1
100334,2025-05-02 16:44:41.081081,S1,West,55.0,M,Clothing,Product_45,9.0,163.3,0.0,1469.7,439.21,Card,Yes,2025,5,May,2,Friday,2,18,122,0,163.3,0.0,29.884330135401783,46-55,0
100335,2025-05-03 01:29:22.162162,S1,East,40.0,M,Electronics,Product_11,5.0,194.15,0.15,825.14,136.29,Card,No,2025,5,May,3,Saturday,2,18,123,1,165.028,145.61249999999998,16.517197081707348,36-45,1
100336,2025-05-03 10:14:03.243243,S4,North,39.0,F,Home,Product_70,5.0,86.99,0.05,413.2,87.06,Cash,No,2025,5,May,3,Saturday,2,18,123,1,82.64,21.747500000000002,21.06969990319458,36-45,0
100337,2025-05-03 18:58:44.324324,S3,East,65.0,F,Electronics,Product_23,4.0,201.61,0.0,806.44,151.11,UPI,No,2025,5,May,3,Saturday,2,18,123,1,201.61,0.0,18.737909825901493,55+,0
100338,2025-05-04 03:43:25.405405,S2,North,36.0,F,Grocery,Product_91,7.0,7.23,0.15,43.02,6.31,UPI,Yes,2025,5,May,4,Sunday,2,18,124,1,6.145714285714286,7.5915,14.667596466759644,36-45,1
100339,2025-05-04 12:28:06.486486,S1,North,63.0,F,Grocery,Product_70,10.0,10.38,0.1,93.42,9.24,UPI,No,2025,5,May,4,Sunday,2,18,124,1,9.342,10.380000000000003,9.890815671162493,55+,0
100340,2025-05-04 21:12:47.567567,S2,North,44.0,F,Electronics,Product_38,6.0,380.95,0.0,2285.7,476.705,Card,Yes,2025,5,May,4,Sunday,2,18,124,1,380.95,0.0,20.855974099838125,36-45,0
100341,2025-05-05 05:57:28.648648,S2,South,20.0,F,Home,Product_2,5.0,179.48,0.0,897.4,214.78,Card,Yes,2025,5,May,5,Monday,2,19,125,0,179.48,0.0,23.933585914865166,18-25,0
100342,2025-05-05 14:42:09.729729,S1,West,59.0,M,Home,Product_86,5.0,279.08,0.0,1395.4,378.07,Card,No,2025,5,May,5,Monday,2,19,125,0,279.08000000000004,0.0,27.094023219148628,55+,0
100343,2025-05-05 23:26:50.810810,S2,East,36.0,F,Grocery,Product_84,7.0,79.44,0.1,500.47,59.63,Card,Yes,2025,5,May,5,Monday,2,19,125,0,71.49571428571429,55.608,11.914800087917357,36-45,0
100344,2025-05-06 08:11:31.891891,S2,East,26.0,F,Home,Product_89,4.0,247.71,0.0,990.84,299.53,UPI,No,2025,5,May,6,Tuesday,2,19,126,0,247.71,0.0,30.229905938395703,26-35,0
100345,2025-05-06 16:56:12.972972,S3,South,44.0,F,Electronics,Product_79,7.0,167.66,0.0,1173.62,267.64,UPI,Yes,2025,5,May,6,Tuesday,2,19,126,0,167.66,0.0,22.804655680714372,36-45,0
100346,2025-05-07 01:40:54.054054,S3,South,37.0,F,Home,Product_93,4.0,81.37,0.0,325.48,85.06,UPI,Yes,2025,5,May,7,Wednesday,2,19,127,0,81.37,0.0,26.133710212609067,36-45,0
100347,2025-05-07 10:25:35.135135,S1,South,44.0,M,Home,Product_72,1.0,314.3,0.1,282.87,55.03,Card,No,2025,5,May,7,Wednesday,2,19,127,0,282.87,31.430000000000003,19.45416622476756,36-45,0
100348,2025-05-07 19:10:16.216216,S2,West,24.0,F,Home,Product_37,3.0,208.25,0.15,531.04,99.48,Card,No,2025,5,May,7,Wednesday,2,19,127,0,177.01333333333332,93.71249999999999,18.733052124133778,18-25,1
100349,2025-05-08 03:54:57.297297,S3,North,31.0,F,Clothing,Product_49,4.0,151.97,0.15,516.7,112.56,UPI,No,2025,5,May,8,Thursday,2,19,128,0,129.175,91.182,21.784401006386684,26-35,1
100350,2025-05-08 12:39:38.378378,S2,West,26.0,M,Grocery,Product_52,2.0,69.25,0.0,138.5,29.91,UPI,No,2025,5,May,8,Thursday,2,19,128,0,69.25,0.0,21.5956678700361,26-35,0
100351,2025-05-08 21:24:19.459459,S4,East,36.0,F,Grocery,Product_33,1.0,74.58,0.2,59.66,6.44,Card,No,2025,5,May,8,Thursday,2,19,128,0,59.66,14.916,10.794502179014415,36-45,1
100352,2025-05-09 06:09:00.540540,S3,South,64.0,M,Electronics,Product_22,4.0,482.44,0.1,1736.78,331.51,UPI,No,2025,5,May,9,Friday,2,19,129,0,434.195,192.976,19.087621921026265,55+,0
100353,2025-05-09 14:53:41.621621,S1,East,69.0,F,Electronics,Product_5,1.0,344.19,0.15,292.56,49.93,Card,No,2025,5,May,9,Friday,2,19,129,0,292.56,51.628499999999995,17.066584632212194,55+,1
100354,2025-05-09 23:38:22.702702,S1,South,31.0,F,Electronics,Product_18,3.0,269.36,0.05,767.68,163.19,Card,Yes,2025,5,May,9,Friday,2,19,129,0,255.89333333333332,40.404,21.257555231346394,26-35,0
100355,2025-05-10 08:23:03.783783,S3,West,55.0,M,Grocery,Product_38,6.0,77.14,0.05,439.7,58.13,UPI,Yes,2025,5,May,10,Saturday,2,19,130,1,73.28333333333333,23.142000000000003,13.220377530134183,46-55,0
100356,2025-05-10 17:07:44.864864,S1,West,70.0,F,Home,Product_37,10.0,214.22,0.15,1820.87,420.59,Card,No,2025,5,May,10,Saturday,2,19,130,1,182.087,321.33,23.098299164685013,55+,1
100357,2025-05-11 01:52:25.945945,S3,South,53.0,M,Home,Product_94,6.0,69.28,0.0,415.68,96.62,UPI,Yes,2025,5,May,11,Sunday,2,19,131,1,69.28,0.0,23.24384141647421,46-55,0
100358,2025-05-11 10:37:07.027027,S4,South,57.0,F,Clothing,Product_95,10.0,122.84,0.05,1166.98,302.52,Card,Yes,2025,5,May,11,Sunday,2,19,131,1,116.69800000000001,61.42000000000001,25.923323450273354,55+,0
100359,2025-05-11 19:21:48.108108,S3,East,34.0,M,Clothing,Product_64,6.0,114.03,0.15,581.55,145.75,Card,Yes,2025,5,May,11,Sunday,2,19,131,1,96.925,102.62700000000001,25.062333419310466,26-35,1
100360,2025-05-12 04:06:29.189189,S2,West,47.0,F,Clothing,Product_10,3.0,163.33,0.15,416.49,107.74,Card,Yes,2025,5,May,12,Monday,2,20,132,0,138.83,73.49849999999999,25.86856827294773,46-55,1
100361,2025-05-12 12:51:10.270270,S3,North,26.0,M,Clothing,Product_79,5.0,124.51,0.2,498.04,107.64,Cash,Yes,2025,5,May,12,Monday,2,20,132,0,99.608,124.51000000000002,21.612721869729338,26-35,1
100362,2025-05-12 21:35:51.351351,S2,East,50.0,F,Home,Product_42,6.0,154.72,0.1,835.49,167.02,UPI,Yes,2025,5,May,12,Monday,2,20,132,0,139.24833333333333,92.832,19.990664161150942,46-55,0
100363,2025-05-13 06:20:32.432432,S3,East,69.0,M,Grocery,Product_48,3.0,77.47,0.0,232.41,42.43,Cash,Yes,2025,5,May,13,Tuesday,2,20,133,0,77.47,0.0,18.256529409233682,55+,0
100364,2025-05-13 15:05:13.513513,S4,East,42.0,F,Grocery,Product_44,1.0,65.12,0.0,65.12,11.94,UPI,Yes,2025,5,May,13,Tuesday,2,20,133,0,65.12,0.0,18.335380835380832,36-45,0
100365,2025-05-13 23:49:54.594594,S2,North,44.0,F,Grocery,Product_82,6.0,52.28,0.05,298.0,48.89,UPI,No,2025,5,May,13,Tuesday,2,20,133,0,49.666666666666664,15.684000000000001,16.406040268456376,36-45,0
100366,2025-05-14 08:34:35.675675,S4,East,28.0,F,Clothing,Product_87,1.0,66.87,0.05,63.53,14.95,Card,Yes,2025,5,May,14,Wednesday,2,20,134,0,63.53,3.3435000000000006,23.532189516763733,26-35,0
100367,2025-05-14 17:19:16.756756,S4,West,70.0,F,Clothing,Product_97,5.0,79.77,0.0,398.85,121.73,Card,No,2025,5,May,14,Wednesday,2,20,134,0,79.77000000000001,0.0,30.52024570640592,55+,0
100368,2025-05-15 02:03:57.837837,S1,North,52.0,F,Home,Product_16,2.0,250.99,0.0,501.98,126.85,Card,No,2025,5,May,15,Thursday,2,20,135,0,250.99,0.0,25.269931072951113,46-55,0
100369,2025-05-15 10:48:38.918918,S1,North,58.0,M,Grocery,Product_54,5.0,10.4,0.1,46.8,5.88,Card,No,2025,5,May,15,Thursday,2,20,135,0,9.36,5.2,12.564102564102564,55+,0
100370,2025-05-15 19:33:20.000000,S1,West,31.0,M,Electronics,Product_35,4.0,239.84,0.15,815.46,122.35,UPI,No,2025,5,May,15,Thursday,2,20,135,0,203.865,143.904,15.00380153532975,26-35,1
100371,2025-05-16 04:18:01.081081,S1,North,47.0,M,Clothing,Product_98,1.0,134.22,0.2,107.38,22.06,Card,Yes,2025,5,May,16,Friday,2,20,136,0,107.38,26.844,20.54386291674427,46-55,1
100372,2025-05-16 13:02:42.162162,S1,West,58.0,F,Electronics,Product_28,3.0,318.01,0.15,810.93,107.0,Card,Yes,2025,5,May,16,Friday,2,20,136,0,270.31,143.1045,13.194727041791523,55+,1
100373,2025-05-16 21:47:23.243243,S3,South,44.0,F,Home,Product_2,5.0,170.72,0.15,725.56,150.6,Card,No,2025,5,May,16,Friday,2,20,136,0,145.112,128.04,20.756381277909476,36-45,1
100374,2025-05-17 06:32:04.324324,S1,North,21.0,M,Clothing,Product_94,7.0,44.23,0.1,278.65,68.18,Card,Yes,2025,5,May,17,Saturday,2,20,137,1,39.80714285714286,30.961,24.46797057240266,18-25,0
100375,2025-05-17 15:16:45.405405,S2,West,45.0,F,Clothing,Product_13,8.0,90.7,0.2,580.48,134.27,UPI,No,2025,5,May,17,Saturday,2,20,137,1,72.56,145.12,23.130857221609705,36-45,1
100376,2025-05-18 00:01:26.486486,S4,South,25.0,F,Electronics,Product_41,4.0,419.74,0.1,1511.06,274.34,Cash,No,2025,5,May,18,Sunday,2,20,138,1,377.765,167.89600000000002,18.15546702314931,18-25,0
100377,2025-05-18 08:46:07.567567,S1,South,19.0,F,Clothing,Product_80,6.0,62.24,0.15,317.42,62.94,Card,Yes,2025,5,May,18,Sunday,2,20,138,1,52.903333333333336,56.016,19.828618234515783,18-25,1
100378,2025-05-18 17:30:48.648648,S4,South,58.0,M,Grocery,Product_59,3.0,5.4,0.2,12.96,0.99,Card,No,2025,5,May,18,Sunday,2,20,138,1,4.32,3.2400000000000007,7.638888888888888,55+,1
100379,2025-05-19 02:15:29.729729,S2,East,63.0,M,Electronics,Product_69,3.0,383.98,0.2,921.55,121.82,Card,No,2025,5,May,19,Monday,2,21,139,0,307.18333333333334,230.38800000000003,13.219033150670068,55+,1
100380,2025-05-19 11:00:10.810810,S1,North,39.0,F,Home,Product_92,2.0,341.79,0.05,649.4,145.66,Cash,Yes,2025,5,May,19,Monday,2,21,139,0,324.7,34.179,22.429935324915306,36-45,0
100381,2025-05-19 19:44:51.891891,S3,South,58.0,F,Home,Product_53,5.0,232.05,0.0,1160.25,276.9,Card,Yes,2025,5,May,19,Monday,2,21,139,0,232.05,0.0,23.865546218487392,55+,0
100382,2025-05-20 04:29:32.972972,S3,West,33.0,M,Grocery,Product_45,3.0,13.99,0.0,41.97,7.66,UPI,No,2025,5,May,20,Tuesday,2,21,140,0,13.99,0.0,18.25113176078151,26-35,0
100383,2025-05-20 13:14:14.054054,S4,North,46.0,F,Electronics,Product_20,1.0,262.26,0.0,262.26,54.59,UPI,No,2025,5,May,20,Tuesday,2,21,140,0,262.26,0.0,20.815221535880426,46-55,0
100384,2025-05-20 21:58:55.135135,S3,East,66.0,F,Grocery,Product_24,6.0,70.07,0.0,420.42,77.81,Card,Yes,2025,5,May,20,Tuesday,2,21,140,0,70.07000000000001,0.0,18.50768279339708,55+,0
100385,2025-05-21 06:43:36.216216,S4,South,65.0,F,Home,Product_61,6.0,119.77,0.0,718.62,172.17,Card,Yes,2025,5,May,21,Wednesday,2,21,141,0,119.77,0.0,23.958420305585705,55+,0
100386,2025-05-21 15:28:17.297297,S2,West,47.0,F,Grocery,Product_91,3.0,50.58,0.05,144.15,24.89,Card,No,2025,5,May,21,Wednesday,2,21,141,0,48.050000000000004,7.587000000000001,17.26673603884842,46-55,0
100387,2025-05-22 00:12:58.378378,S1,North,29.0,M,Grocery,Product_94,1.0,35.2,0.05,33.44,5.14,Cash,No,2025,5,May,22,Thursday,2,21,142,0,33.44,1.7600000000000002,15.370813397129188,26-35,0
100388,2025-05-22 08:57:39.459459,S3,West,52.0,M,Electronics,Product_58,4.0,222.75,0.1,801.9,164.33,UPI,No,2025,5,May,22,Thursday,2,21,142,0,200.475,89.10000000000001,20.492580122209755,46-55,0
100389,2025-05-22 17:42:20.540540,S4,South,28.0,F,Electronics,Product_27,4.0,434.69,0.0,1738.76,405.21,UPI,No,2025,5,May,22,Thursday,2,21,142,0,434.69,0.0,23.304538866778625,26-35,0
100390,2025-05-23 02:27:01.621621,S4,North,63.0,M,Electronics,Product_26,5.0,409.99,0.1,1844.96,339.24,UPI,Yes,2025,5,May,23,Friday,2,21,143,0,368.992,204.995,18.387390512531436,55+,0
100391,2025-05-23 11:11:42.702702,S2,North,67.0,M,Clothing,Product_7,3.0,125.85,0.1,339.79,80.14,UPI,No,2025,5,May,23,Friday,2,21,143,0,113.26333333333334,37.754999999999995,23.58515553724359,55+,0
100392,2025-05-23 19:56:23.783783,S2,North,38.0,M,Electronics,Product_42,6.0,232.72,0.1,1256.69,188.03,UPI,No,2025,5,May,23,Friday,2,21,143,0,209.44833333333335,139.632,14.962321654505088,36-45,0
100393,2025-05-24 04:41:04.864864,S3,South,38.0,M,Electronics,Product_47,8.0,184.25,0.2,1179.2,198.43,Card,No,2025,5,May,24,Saturday,2,21,144,1,147.4,294.8,16.827510176390774,36-45,1
100394,2025-05-24 13:25:45.945945,S2,South,22.0,M,Clothing,Product_53,2.0,112.19,0.0,224.38,59.77,Card,Yes,2025,5,May,24,Saturday,2,21,144,1,112.19,0.0,26.637846510384172,18-25,0
100395,2025-05-24 22:10:27.027027,S4,West,65.0,M,Electronics,Product_59,10.0,343.79,0.0,2310.6412499999997,476.705,Card,Yes,2025,5,May,24,Saturday,2,21,144,1,231.06412499999996,0.0,20.630853015369656,55+,0
100396,2025-05-25 06:55:08.108108,S4,South,37.0,M,Electronics,Product_38,3.0,215.93,0.05,615.4,127.31,UPI,No,2025,5,May,25,Sunday,2,21,145,1,205.13333333333333,32.3895,20.6873578160546,36-45,0
100397,2025-05-25 15:39:49.189189,S2,North,54.0,M,Clothing,Product_69,2.0,29.0,0.0,58.0,16.03,Card,Yes,2025,5,May,25,Sunday,2,21,145,1,29.0,0.0,27.63793103448276,46-55,0
100398,2025-05-26 00:24:30.270270,S3,East,20.0,F,Electronics,Product_87,4.0,178.25,0.1,641.7,132.89,UPI,No,2025,5,May,26,Monday,2,22,146,0,160.425,71.3,20.709054075112977,18-25,0
100399,2025-05-26 09:09:11.351351,S3,East,61.0,F,Clothing,Product_92,1.0,178.84,0.05,169.9,40.02,Card,Yes,2025,5,May,26,Monday,2,22,146,0,169.9,8.942,23.55503237198352,55+,0
100400,2025-05-26 17:53:52.432432,S1,North,50.0,F,Clothing,Product_98,2.0,145.37,0.0,290.74,91.49,Cash,Yes,2025,5,May,26,Monday,2,22,146,0,145.37,0.0,31.467978262364998,46-55,0
100401,2025-05-27 02:38:33.513513,S4,North,70.0,M,Clothing,Product_53,3.0,167.52,0.0,502.56,147.47,Card,Yes,2025,5,May,27,Tuesday,2,22,147,0,167.52,0.0,29.34375994906081,55+,0
100402,2025-05-27 11:23:14.594594,S2,North,26.0,M,Grocery,Product_15,6.0,19.63,0.05,111.89,17.35,Card,No,2025,5,May,27,Tuesday,2,22,147,0,18.648333333333333,5.889,15.506300831173474,26-35,0
100403,2025-05-27 20:07:55.675675,S4,East,26.0,F,Clothing,Product_96,8.0,173.69,0.1,1250.57,294.25,Cash,No,2025,5,May,27,Tuesday,2,22,147,0,156.32125,138.952,23.529270652582422,26-35,0
100404,2025-05-28 04:52:36.756756,S2,East,21.0,F,Clothing,Product_26,5.0,42.82,0.1,192.69,37.7,Card,No,2025,5,May,28,Wednesday,2,22,148,0,38.538,21.41,19.565104572110645,18-25,0
100405,2025-05-28 13:37:17.837837,S4,South,52.0,M,Clothing,Product_48,1.0,101.45,0.0,101.45,26.68,Cash,No,2025,5,May,28,Wednesday,2,22,148,0,101.45,0.0,26.29866929521932,46-55,0
100406,2025-05-28 22:21:58.918918,S2,West,34.0,M,Home,Product_95,5.0,298.91,0.0,1494.55,363.06,Card,Yes,2025,5,May,28,Wednesday,2,22,148,0,298.90999999999997,0.0,24.292261884848283,26-35,0
100407,2025-05-29 07:06:40.000000,S1,West,51.0,F,Grocery,Product_19,5.0,31.24,0.0,156.2,28.67,Card,Yes,2025,5,May,29,Thursday,2,22,149,0,31.24,0.0,18.35467349551857,46-55,0
100408,2025-05-29 15:51:21.081081,S4,East,41.0,M,Grocery,Product_9,7.0,36.86,0.0,258.02,52.94,UPI,No,2025,5,May,29,Thursday,2,22,149,0,36.86,0.0,20.51778931865747,36-45,0
100409,2025-05-30 00:36:02.162162,S1,West,49.0,M,Home,Product_64,7.0,88.46,0.15,526.34,121.45,Cash,No,2025,5,May,30,Friday,2,22,150,0,75.19142857142857,92.88299999999998,23.07443857582551,46-55,1
100410,2025-05-30 09:20:43.243243,S2,North,18.0,F,Electronics,Product_93,8.0,193.02,0.0,1544.16,348.12,Card,No,2025,5,May,30,Friday,2,22,150,0,193.02,0.0,22.54429592788312,18-25,0
100411,2025-05-30 18:05:24.324324,S4,North,25.0,F,Electronics,Product_54,3.0,366.85,0.1,990.5,182.36,Cash,No,2025,5,May,30,Friday,2,22,150,0,330.1666666666667,110.05500000000002,18.410903584048462,18-25,0
100412,2025-05-31 02:50:05.405405,S4,North,62.0,M,Electronics,Product_51,6.0,386.44,0.15,1970.84,296.01,UPI,Yes,2025,5,May,31,Saturday,2,22,151,1,328.4733333333333,347.796,15.019484077855127,55+,1
100413,2025-05-31 11:34:46.486486,S3,North,40.0,M,Grocery,Product_39,2.0,63.3,0.0,126.6,18.45,UPI,Yes,2025,5,May,31,Saturday,2,22,151,1,63.3,0.0,14.57345971563981,36-45,0
100414,2025-05-31 20:19:27.567567,S3,East,64.0,F,Home,Product_4,10.0,217.0,0.05,2061.5,449.17,Card,No,2025,5,May,31,Saturday,2,22,151,1,206.15,108.5,21.788503516856657,55+,0
100415,2025-06-01 05:04:08.648648,S2,West,57.0,M,Home,Product_3,2.0,243.73,0.2,389.97,64.69,Card,Yes,2025,6,June,1,Sunday,2,22,152,1,194.985,97.492,16.588455522219654,55+,1
100416,2025-06-01 13:48:49.729729,S2,North,29.0,M,Clothing,Product_64,1.0,22.16,0.15,18.84,4.51,Cash,Yes,2025,6,June,1,Sunday,2,22,152,1,18.84,3.324,23.93842887473461,26-35,1
100417,2025-06-01 22:33:30.810810,S2,North,29.0,M,Grocery,Product_29,2.0,17.16,0.05,32.6,5.55,Cash,No,2025,6,June,1,Sunday,2,22,152,1,16.3,1.7160000000000002,17.02453987730061,26-35,0
100418,2025-06-02 07:18:11.891891,S3,South,63.0,F,Electronics,Product_11,6.0,494.72,0.15,2310.6412499999997,414.87,UPI,Yes,2025,6,June,2,Monday,2,23,153,0,385.10687499999995,445.248,17.954756066092045,55+,1
100419,2025-06-02 16:02:52.972972,S3,West,64.0,M,Electronics,Product_97,4.0,176.6,0.15,600.44,89.1,Card,No,2025,6,June,2,Monday,2,23,153,0,150.11,105.96,14.83911798014789,55+,1
100420,2025-06-03 00:47:34.054054,S4,South,32.0,F,Clothing,Product_58,4.0,128.61,0.05,488.72,107.69,Card,Yes,2025,6,June,3,Tuesday,2,23,154,0,122.18,25.722000000000005,22.035112129644784,26-35,0
100421,2025-06-03 09:32:15.135135,S4,South,58.0,F,Clothing,Product_75,9.0,48.17,0.15,368.5,66.91,UPI,No,2025,6,June,3,Tuesday,2,23,154,0,40.94444444444444,65.0295,18.157394843962006,55+,1
100422,2025-06-03 18:16:56.216216,S1,North,36.0,F,Clothing,Product_27,8.0,134.67,0.05,1023.49,232.05,Card,No,2025,6,June,3,Tuesday,2,23,154,0,127.93625,53.867999999999995,22.672424742791822,36-45,0
100423,2025-06-04 03:01:37.297297,S2,North,43.0,F,Grocery,Product_97,3.0,57.95,0.05,165.16,25.46,Card,No,2025,6,June,4,Wednesday,2,23,155,0,55.053333333333335,8.6925,15.415354807459433,36-45,0
100424,2025-06-04 11:46:18.378378,S1,West,69.0,M,Electronics,Product_21,2.0,231.97,0.2,371.15,59.34,Card,No,2025,6,June,4,Wednesday,2,23,155,0,185.575,92.78800000000001,15.988144954870002,55+,1
100425,2025-06-04 20:30:59.459459,S3,West,46.0,M,Clothing,Product_39,7.0,63.14,0.15,375.68,89.92,UPI,Yes,2025,6,June,4,Wednesday,2,23,155,0,53.66857142857143,66.297,23.93526405451448,46-55,1
100426,2025-06-05 05:15:40.540540,S2,North,39.0,M,Clothing,Product_95,8.0,124.76,0.05,948.18,261.58,Card,No,2025,6,June,5,Thursday,2,23,156,0,118.5225,49.904,27.587588854436923,36-45,0
100427,2025-06-05 14:00:21.621621,S4,West,57.0,M,Electronics,Product_46,4.0,286.53,0.0,1146.12,240.34,UPI,No,2025,6,June,5,Thursday,2,23,156,0,286.53,0.0,20.969880989774197,55+,0
100428,2025-06-05 22:45:02.702702,S2,East,38.0,F,Grocery,Product_66,5.0,19.59,0.1,88.16,14.36,UPI,No,2025,6,June,5,Thursday,2,23,156,0,17.631999999999998,9.795000000000002,16.28856624319419,36-45,0
100429,2025-06-06 07:29:43.783783,S1,West,68.0,M,Home,Product_91,2.0,269.5,0.1,485.1,92.84,UPI,Yes,2025,6,June,6,Friday,2,23,157,0,242.55,53.900000000000006,19.138321995464853,55+,0
100430,2025-06-06 16:14:24.864864,S1,South,55.0,M,Home,Product_36,7.0,96.24,0.1,606.31,137.67,Card,Yes,2025,6,June,6,Friday,2,23,157,0,86.61571428571428,67.368,22.70620639606802,46-55,0
100431,2025-06-07 00:59:05.945945,S3,South,37.0,M,Grocery,Product_75,5.0,69.17,0.2,276.68,18.4,Card,Yes,2025,6,June,7,Saturday,2,23,158,1,55.336,69.17,6.65028191412462,36-45,1
100432,2025-06-07 09:43:47.027027,S3,South,46.0,F,Home,Product_82,4.0,204.4,0.15,694.96,115.68,UPI,No,2025,6,June,7,Saturday,2,23,158,1,173.74,122.64,16.64556233452285,46-55,1
100433,2025-06-07 18:28:28.108108,S1,East,68.0,M,Electronics,Product_65,1.0,187.0,0.05,177.65,41.4,Cash,Yes,2025,6,June,7,Saturday,2,23,158,1,177.65,9.35,23.304249929636924,55+,0
100434,2025-06-08 03:13:09.189189,S1,North,21.0,M,Home,Product_63,8.0,258.22,0.0,2065.76,476.705,UPI,No,2025,6,June,8,Sunday,2,23,159,1,258.22,0.0,23.07649484935326,18-25,0
100435,2025-06-08 11:57:50.270270,S3,North,24.0,M,Clothing,Product_99,5.0,103.07,0.05,489.58,120.62,Cash,No,2025,6,June,8,Sunday,2,23,159,1,97.916,25.7675,24.63744434004657,18-25,0
100436,2025-06-08 20:42:31.351351,S1,South,45.0,F,Electronics,Product_35,2.0,254.32,0.1,457.78,92.5,UPI,No,2025,6,June,8,Sunday,2,23,159,1,228.89,50.864000000000004,20.206212591201016,36-45,0
100437,2025-06-09 05:27:12.432432,S4,East,45.0,F,Electronics,Product_31,5.0,297.89,0.1,1340.5,273.93,UPI,No,2025,6,June,9,Monday,2,24,160,0,268.1,148.945,20.434912346139498,36-45,0
100438,2025-06-09 14:11:53.513513,S3,North,21.0,M,Home,Product_28,5.0,139.5,0.05,662.62,146.66,Card,Yes,2025,6,June,9,Monday,2,24,160,0,132.524,34.875,22.13334943104645,18-25,0
100439,2025-06-09 22:56:34.594594,S1,East,39.0,M,Home,Product_1,4.0,128.91,0.05,489.86,115.4,Card,No,2025,6,June,9,Monday,2,24,160,0,122.465,25.782,23.557751194218756,36-45,0
100440,2025-06-10 07:41:15.675675,S1,West,29.0,M,Electronics,Product_25,6.0,207.26,0.0,1243.56,276.99,UPI,No,2025,6,June,10,Tuesday,2,24,161,0,207.26,0.0,22.27395541831516,26-35,0
100441,2025-06-10 16:25:56.756756,S4,North,62.0,M,Home,Product_43,5.0,158.83,0.0,794.15,153.63,Card,No,2025,6,June,10,Tuesday,2,24,161,0,158.82999999999998,0.0,19.345211861738967,55+,0
100442,2025-06-11 01:10:37.837837,S2,East,20.0,F,Grocery,Product_84,9.0,23.82,0.05,203.66,26.9,UPI,No,2025,6,June,11,Wednesday,2,24,162,0,22.628888888888888,10.719000000000001,13.208288323676715,18-25,0
100443,2025-06-11 09:55:18.918918,S2,South,39.0,F,Electronics,Product_67,1.0,389.2,0.0,389.2,92.96,Card,Yes,2025,6,June,11,Wednesday,2,24,162,0,389.2,0.0,23.884892086330932,36-45,0
100444,2025-06-11 18:40:00.000000,S4,West,44.0,M,Electronics,Product_63,1.0,389.36,0.05,369.89,67.82,UPI,Yes,2025,6,June,11,Wednesday,2,24,162,0,369.89,19.468000000000004,18.33518072940604,36-45,0
100445,2025-06-12 03:24:41.081081,S4,North,19.0,F,Home,Product_51,2.0,200.55,0.05,381.04,91.68,UPI,No,2025,6,June,12,Thursday,2,24,163,0,190.52,20.055000000000003,24.060466092798656,18-25,0
100446,2025-06-12 12:09:22.162162,S4,East,41.0,M,Electronics,Product_2,6.0,422.28,0.1,2280.31,422.45,UPI,No,2025,6,June,12,Thursday,2,24,163,0,380.0516666666667,253.368,18.52598988733988,36-45,0
100447,2025-06-12 20:54:03.243243,S3,West,51.0,F,Home,Product_82,5.0,302.4,0.0,1512.0,414.75,Cash,Yes,2025,6,June,12,Thursday,2,24,163,0,302.4,0.0,27.430555555555557,46-55,0
100448,2025-06-13 05:38:44.324324,S2,West,44.0,F,Electronics,Product_64,8.0,352.92,0.15,2310.6412499999997,318.52,Card,Yes,2025,6,June,13,Friday,2,24,164,0,288.83015624999996,423.504,13.784917931331833,36-45,1
100449,2025-06-13 14:23:25.405405,S1,East,58.0,M,Clothing,Product_74,6.0,119.03,0.1,642.76,159.33,Card,Yes,2025,6,June,13,Friday,2,24,164,0,107.12666666666667,71.418,24.788412471217875,55+,0
100450,2025-06-13 23:08:06.486486,S3,South,18.0,F,Home,Product_69,4.0,134.87,0.1,485.53,101.33,Card,No,2025,6,June,13,Friday,2,24,164,0,121.3825,53.94800000000001,20.86997713838486,18-25,0
100451,2025-06-14 07:52:47.567567,S3,East,25.0,M,Home,Product_9,10.0,318.46,0.1,2310.6412499999997,476.705,Cash,No,2025,6,June,14,Saturday,2,24,165,1,231.06412499999996,318.46000000000004,20.630853015369656,18-25,0
100452,2025-06-14 16:37:28.648648,S2,West,40.0,M,Home,Product_2,2.0,57.26,0.0,114.52,26.81,UPI,No,2025,6,June,14,Saturday,2,24,165,1,57.26,0.0,23.41075794621027,36-45,0
100453,2025-06-15 01:22:09.729729,S4,East,55.0,M,Grocery,Product_34,7.0,31.15,0.05,207.15,34.09,UPI,No,2025,6,June,15,Sunday,2,24,166,1,29.592857142857145,10.9025,16.456673907796286,46-55,0
100454,2025-06-15 10:06:50.810810,S1,North,23.0,M,Home,Product_60,4.0,266.54,0.2,852.93,155.74,Card,Yes,2025,6,June,15,Sunday,2,24,166,1,213.2325,213.23200000000003,18.259411675049535,18-25,1
100455,2025-06-15 18:51:31.891891,S2,West,39.0,F,Home,Product_61,5.0,74.03,0.15,314.63,60.18,UPI,Yes,2025,6,June,15,Sunday,2,24,166,1,62.926,55.522499999999994,19.12722880844166,36-45,1
100456,2025-06-16 03:36:12.972972,S1,East,42.0,F,Electronics,Product_31,6.0,214.11,0.2,1027.73,145.83,Card,No,2025,6,June,16,Monday,2,25,167,0,171.28833333333333,256.932,14.189524486003133,36-45,1
100457,2025-06-16 12:20:54.054054,S2,East,35.0,F,Clothing,Product_10,5.0,114.29,0.1,514.31,118.31,UPI,No,2025,6,June,16,Monday,2,25,167,0,102.862,57.14500000000001,23.003635939413975,26-35,0
100458,2025-06-16 21:05:35.135135,S1,North,34.0,F,Electronics,Product_76,2.0,346.0,0.0,692.0,146.26,Cash,Yes,2025,6,June,16,Monday,2,25,167,0,346.0,0.0,21.135838150289015,26-35,0
100459,2025-06-17 05:50:16.216216,S1,East,29.0,F,Home,Product_36,4.0,271.68,0.0,1086.72,254.46,UPI,No,2025,6,June,17,Tuesday,2,25,168,0,271.68,0.0,23.415415194346288,26-35,0
100460,2025-06-17 14:34:57.297297,S1,South,23.0,M,Clothing,Product_85,5.0,150.02,0.1,675.09,155.02,UPI,No,2025,6,June,17,Tuesday,2,25,168,0,135.018,75.01,22.962864210697834,18-25,0
100461,2025-06-17 23:19:38.378378,S3,East,43.0,M,Clothing,Product_49,7.0,40.57,0.05,269.79,73.35,UPI,No,2025,6,June,17,Tuesday,2,25,168,0,38.541428571428575,14.1995,27.187812743244745,36-45,0
100462,2025-06-18 08:04:19.459459,S3,North,44.0,M,Electronics,Product_70,4.0,156.43,0.0,625.72,146.5,UPI,Yes,2025,6,June,18,Wednesday,2,25,169,0,156.43,0.0,23.413028191523363,36-45,0
100463,2025-06-18 16:49:00.540540,S3,East,44.0,F,Home,Product_49,8.0,256.89,0.15,1746.85,287.33,Card,Yes,2025,6,June,18,Wednesday,2,25,169,0,218.35625,308.268,16.448464378738873,36-45,1
100464,2025-06-19 01:33:41.621621,S4,West,36.0,F,Grocery,Product_3,4.0,27.6,0.05,104.88,14.9,UPI,Yes,2025,6,June,19,Thursday,2,25,170,0,26.22,5.5200000000000005,14.206712433257056,36-45,0
100465,2025-06-19 10:18:22.702702,S2,North,59.0,M,Clothing,Product_74,4.0,120.16,0.05,456.61,112.23,Card,No,2025,6,June,19,Thursday,2,25,170,0,114.1525,24.032,24.578962352992704,55+,0
100466,2025-06-19 19:03:03.783783,S2,West,18.0,F,Grocery,Product_5,7.0,16.29,0.15,96.93,11.51,Card,No,2025,6,June,19,Thursday,2,25,170,0,13.847142857142858,17.104499999999998,11.874548643350872,18-25,1
100467,2025-06-20 03:47:44.864864,S4,South,46.0,F,Electronics,Product_90,5.0,314.16,0.15,1335.18,168.68,Card,Yes,2025,6,June,20,Friday,2,25,171,0,267.036,235.62,12.633502598900522,46-55,1
100468,2025-06-20 12:32:25.945945,S1,West,62.0,F,Clothing,Product_61,10.0,100.71,0.05,956.74,231.93,UPI,Yes,2025,6,June,20,Friday,2,25,171,0,95.674,50.355,24.241695758513284,55+,0
100469,2025-06-20 21:17:07.027027,S4,West,66.0,M,Grocery,Product_85,5.0,48.88,0.15,207.74,19.17,Card,No,2025,6,June,20,Friday,2,25,171,0,41.548,36.66,9.227881005102532,55+,1
100470,2025-06-21 06:01:48.108108,S1,East,52.0,M,Clothing,Product_90,4.0,102.11,0.15,347.17,79.16,UPI,No,2025,6,June,21,Saturday,2,25,172,1,86.7925,61.266,22.801509347005787,46-55,1
100471,2025-06-21 14:46:29.189189,S4,East,57.0,M,Grocery,Product_26,1.0,42.18,0.05,40.07,6.39,Card,No,2025,6,June,21,Saturday,2,25,172,1,40.07,2.109,15.94709258797105,55+,0
100472,2025-06-21 23:31:10.270270,S1,West,31.0,M,Electronics,Product_72,3.0,266.46,0.0,799.38,168.47,Card,Yes,2025,6,June,21,Saturday,2,25,172,1,266.46,0.0,21.07508318947184,26-35,0
100473,2025-06-22 08:15:51.351351,S4,South,52.0,M,Electronics,Product_5,3.0,174.91,0.0,524.73,104.28,UPI,Yes,2025,6,June,22,Sunday,2,25,173,1,174.91,0.0,19.873077582756846,46-55,0
100474,2025-06-22 17:00:32.432432,S2,South,65.0,F,Grocery,Product_15,6.0,11.71,0.05,66.75,10.08,Card,Yes,2025,6,June,22,Sunday,2,25,173,1,11.125,3.5130000000000003,15.10112359550562,55+,0
100475,2025-06-23 01:45:13.513513,S4,East,62.0,M,Electronics,Product_16,2.0,301.82,0.05,573.46,108.22,UPI,Yes,2025,6,June,23,Monday,2,26,174,0,286.73,30.182000000000002,18.87141212987828,55+,0
100476,2025-06-23 10:29:54.594594,S1,West,37.0,F,Grocery,Product_1,2.0,31.68,0.2,50.69,6.73,UPI,No,2025,6,June,23,Monday,2,26,174,0,25.345,12.672,13.276780430065102,36-45,1
100477,2025-06-23 19:14:35.675675,S3,East,66.0,F,Grocery,Product_16,2.0,43.71,0.15,74.31,10.4,Cash,Yes,2025,6,June,23,Monday,2,26,174,0,37.155,13.113,13.995424572735837,55+,1
100478,2025-06-24 03:59:16.756756,S4,West,30.0,F,Electronics,Product_37,2.0,256.69,0.15,436.37,63.79,UPI,Yes,2025,6,June,24,Tuesday,2,26,175,0,218.185,77.00699999999999,14.618328482709627,26-35,1
100479,2025-06-24 12:43:57.837837,S2,South,55.0,M,Clothing,Product_3,3.0,130.07,0.2,312.17,63.47,Card,No,2025,6,June,24,Tuesday,2,26,175,0,104.05666666666667,78.042,20.33187045520069,46-55,1
100480,2025-06-24 21:28:38.918918,S3,West,66.0,F,Electronics,Product_52,8.0,452.38,0.15,2310.6412499999997,476.705,Card,Yes,2025,6,June,24,Tuesday,2,26,175,0,288.83015624999996,542.856,20.630853015369656,55+,1
100481,2025-06-25 06:13:20.000000,S3,North,63.0,F,Clothing,Product_47,6.0,67.82,0.05,386.57,95.17,Card,No,2025,6,June,25,Wednesday,2,26,176,0,64.42833333333333,20.346,24.619085805934244,55+,0
100482,2025-06-25 14:58:01.081081,S2,East,66.0,M,Electronics,Product_95,6.0,217.54,0.0,1305.24,250.16,Cash,Yes,2025,6,June,25,Wednesday,2,26,176,0,217.54,0.0,19.165823909779046,55+,0
100483,2025-06-25 23:42:42.162162,S3,North,25.0,M,Electronics,Product_13,7.0,190.66,0.1,1201.16,173.04,Card,No,2025,6,June,25,Wednesday,2,26,176,0,171.59428571428572,133.462,14.406074128342599,18-25,0
100484,2025-06-26 08:27:23.243243,S3,South,60.0,F,Clothing,Product_80,2.0,118.6,0.05,225.34,64.32,Card,Yes,2025,6,June,26,Thursday,2,26,177,0,112.67,11.86,28.54353421496405,55+,0
100485,2025-06-26 17:12:04.324324,S4,South,37.0,M,Clothing,Product_55,8.0,91.02,0.05,691.75,177.21,Card,No,2025,6,June,26,Thursday,2,26,177,0,86.46875,36.408,25.617636429345865,36-45,0
100486,2025-06-27 01:56:45.405405,S1,South,50.0,M,Grocery,Product_21,2.0,19.1,0.1,34.38,5.01,Cash,Yes,2025,6,June,27,Friday,2,26,178,0,17.19,3.8200000000000003,14.572425828970331,46-55,0
100487,2025-06-27 10:41:26.486486,S2,East,43.0,M,Home,Product_66,3.0,245.94,0.2,590.26,93.57,Card,No,2025,6,June,27,Friday,2,26,178,0,196.75333333333333,147.564,15.852336258597905,36-45,1
100488,2025-06-27 19:26:07.567567,S4,South,56.0,M,Home,Product_54,5.0,94.54,0.05,449.06,91.9,Cash,No,2025,6,June,27,Friday,2,26,178,0,89.812,23.635000000000005,20.464971273326505,55+,0
100489,2025-06-28 04:10:48.648648,S4,South,38.0,F,Clothing,Product_27,1.0,108.69,0.15,92.39,18.33,Card,Yes,2025,6,June,28,Saturday,2,26,179,1,92.39,16.3035,19.839809503192985,36-45,1
100490,2025-06-28 12:55:29.729729,S2,North,70.0,M,Grocery,Product_38,6.0,44.54,0.0,267.24,40.94,Card,Yes,2025,6,June,28,Saturday,2,26,179,1,44.54,0.0,15.319562939679688,55+,0
100491,2025-06-28 21:40:10.810810,S3,South,66.0,F,Clothing,Product_90,3.0,137.48,0.1,371.2,95.4,Card,No,2025,6,June,28,Saturday,2,26,179,1,123.73333333333333,41.244,25.70043103448276,55+,0
100492,2025-06-29 06:24:51.891891,S1,North,59.0,F,Home,Product_58,7.0,66.53,0.0,465.71,130.33,UPI,No,2025,6,June,29,Sunday,2,26,180,1,66.53,0.0,27.985226857915873,55+,0
100493,2025-06-29 15:09:32.972972,S1,North,60.0,F,Grocery,Product_62,4.0,71.59,0.15,243.41,29.39,Cash,Yes,2025,6,June,29,Sunday,2,26,180,1,60.8525,42.954,12.074277967215808,55+,1
100494,2025-06-29 23:54:14.054054,S2,East,58.0,F,Clothing,Product_46,2.0,132.48,0.0,264.96,66.15,Card,Yes,2025,6,June,29,Sunday,2,26,180,1,132.48,0.0,24.966032608695656,55+,0
100495,2025-06-30 08:38:55.135135,S2,East,26.0,F,Home,Product_89,6.0,114.84,0.1,620.14,136.39,Card,Yes,2025,6,June,30,Monday,2,27,181,0,103.35666666666667,68.904,21.99342084045538,26-35,0
100496,2025-06-30 17:23:36.216216,S3,East,41.0,M,Grocery,Product_11,2.0,18.76,0.0,37.52,7.7,UPI,Yes,2025,6,June,30,Monday,2,27,181,0,18.76,0.0,20.52238805970149,36-45,0
100497,2025-07-01 02:08:17.297297,S1,South,54.0,F,Grocery,Product_72,4.0,37.37,0.0,149.48,29.81,Card,No,2025,7,July,1,Tuesday,3,27,182,0,37.37,0.0,19.942467219694944,46-55,0
100498,2025-07-01 10:52:58.378378,S4,South,66.0,F,Home,Product_8,1.0,295.27,0.05,280.51,64.35,Card,No,2025,7,July,1,Tuesday,3,27,182,0,280.51,14.7635,22.940358632490817,55+,0
100499,2025-07-01 19:37:39.459459,S4,West,58.0,F,Electronics,Product_97,5.0,445.03,0.05,2113.89,412.86,Card,No,2025,7,July,1,Tuesday,3,27,182,0,422.77799999999996,111.2575,19.530817592211516,55+,0
100500,2025-07-02 04:22:20.540540,S3,South,34.0,F,Clothing,Product_71,5.0,103.27,0.0,516.35,144.19,Card,No,2025,7,July,2,Wednesday,3,27,183,0,103.27000000000001,0.0,27.92485717052387,26-35,0
100501,2025-07-02 13:07:01.621621,S2,South,41.0,M,Electronics,Product_64,3.0,451.28,0.05,1286.15,288.75,Card,No,2025,7,July,2,Wednesday,3,27,183,0,428.7166666666667,67.692,22.450725032072462,36-45,0
100502,2025-07-02 21:51:42.702702,S2,North,38.0,M,Home,Product_21,9.0,51.63,0.1,418.2,94.18,Card,No,2025,7,July,2,Wednesday,3,27,183,0,46.46666666666667,46.467000000000006,22.520325203252035,36-45,0
100503,2025-07-03 06:36:23.783783,S4,South,68.0,F,Electronics,Product_72,8.0,162.31,0.1,1168.63,201.34,Card,Yes,2025,7,July,3,Thursday,3,27,184,0,146.07875,129.848,17.22872080983716,55+,0
100504,2025-07-03 15:21:04.864864,S3,South,56.0,M,Grocery,Product_63,6.0,73.39,0.0,440.34,75.64,Cash,Yes,2025,7,July,3,Thursday,3,27,184,0,73.39,0.0,17.177635463505474,55+,0
100505,2025-07-04 00:05:45.945945,S1,South,44.0,F,Electronics,Product_85,6.0,421.37,0.1,2275.4,387.65,Card,No,2025,7,July,4,Friday,3,27,185,0,379.23333333333335,252.82200000000003,17.036564999560515,36-45,0
100506,2025-07-04 08:50:27.027027,S4,East,56.0,M,Electronics,Product_64,2.0,307.75,0.0,615.5,122.3,UPI,Yes,2025,7,July,4,Friday,3,27,185,0,307.75,0.0,19.870024370430546,55+,0
100507,2025-07-04 17:35:08.108108,S4,East,30.0,M,Clothing,Product_20,5.0,140.58,0.05,667.76,191.67,Card,Yes,2025,7,July,4,Friday,3,27,185,0,133.552,35.145,28.703426380735593,26-35,0
100508,2025-07-05 02:19:49.189189,S4,East,28.0,M,Home,Product_8,2.0,336.69,0.0,673.38,157.73,UPI,Yes,2025,7,July,5,Saturday,3,27,186,1,336.69,0.0,23.42362410526003,26-35,0
100509,2025-07-05 11:04:30.270270,S3,East,63.0,M,Electronics,Product_58,2.0,420.23,0.1,756.41,143.57,Card,Yes,2025,7,July,5,Saturday,3,27,186,1,378.205,84.046,18.98044711201597,55+,0
100510,2025-07-05 19:49:11.351351,S3,West,36.0,F,Clothing,Product_46,10.0,154.78,0.0,1547.8,412.91,UPI,No,2025,7,July,5,Saturday,3,27,186,1,154.78,0.0,26.677219278976615,36-45,0
100511,2025-07-06 04:33:52.432432,S2,East,28.0,M,Clothing,Product_31,5.0,141.7,0.2,566.8,107.95,Card,No,2025,7,July,6,Sunday,3,27,187,1,113.35999999999999,141.70000000000002,19.045518701482006,26-35,1
100512,2025-07-06 13:18:33.513513,S4,West,30.0,F,Electronics,Product_93,4.0,208.87,0.05,793.71,156.93,Cash,Yes,2025,7,July,6,Sunday,3,27,187,1,198.4275,41.774,19.7717050308047,26-35,0
100513,2025-07-06 22:03:14.594594,S4,North,63.0,F,Electronics,Product_9,3.0,441.75,0.0,1325.25,306.01,Card,Yes,2025,7,July,6,Sunday,3,27,187,1,441.75,0.0,23.090737596679872,55+,0
100514,2025-07-07 06:47:55.675675,S1,North,62.0,M,Grocery,Product_15,5.0,19.63,0.0,98.15,17.16,Card,No,2025,7,July,7,Monday,3,28,188,0,19.630000000000003,0.0,17.48344370860927,55+,0
100515,2025-07-07 15:32:36.756756,S1,North,18.0,F,Clothing,Product_94,1.0,162.82,0.15,138.4,27.29,Cash,Yes,2025,7,July,7,Monday,3,28,188,0,138.4,24.423,19.718208092485547,18-25,1
100516,2025-07-08 00:17:17.837837,S2,East,57.0,F,Electronics,Product_26,1.0,310.53,0.1,279.48,50.41,UPI,No,2025,7,July,8,Tuesday,3,28,189,0,279.48,31.052999999999997,18.037068842135394,55+,0
100517,2025-07-08 09:01:58.918918,S4,West,61.0,F,Home,Product_10,1.0,253.09,0.1,227.78,44.34,Card,No,2025,7,July,8,Tuesday,3,28,189,0,227.78,25.309,19.466151549740978,55+,0
100518,2025-07-08 17:46:40.000000,S4,North,36.0,M,Grocery,Product_29,4.0,42.29,0.2,135.33,17.71,Cash,Yes,2025,7,July,8,Tuesday,3,28,189,0,33.8325,33.832,13.086529224857754,36-45,1
100519,2025-07-09 02:31:21.081081,S1,West,29.0,F,Home,Product_80,5.0,78.2,0.2,312.8,51.55,Card,No,2025,7,July,9,Wednesday,3,28,190,0,62.56,78.2,16.48017902813299,26-35,1
100520,2025-07-09 11:16:02.162162,S3,North,25.0,F,Clothing,Product_36,1.0,66.52,0.1,59.87,13.57,Card,No,2025,7,July,9,Wednesday,3,28,190,0,59.87,6.652,22.665775847669952,18-25,0
100521,2025-07-09 20:00:43.243243,S2,West,25.0,M,Grocery,Product_84,6.0,78.78,0.0,472.68,103.75,Cash,Yes,2025,7,July,9,Wednesday,3,28,190,0,78.78,0.0,21.94931031564695,18-25,0
100522,2025-07-10 04:45:24.324324,S4,South,70.0,M,Grocery,Product_37,2.0,77.05,0.15,130.98,17.65,Card,Yes,2025,7,July,10,Thursday,3,28,191,0,65.49,23.115,13.475339746526188,55+,1
100523,2025-07-10 13:30:05.405405,S4,North,62.0,F,Home,Product_86,6.0,146.15,0.0,876.9,203.5,Cash,No,2025,7,July,10,Thursday,3,28,191,0,146.15,0.0,23.20675105485232,55+,0
100524,2025-07-10 22:14:46.486486,S4,South,29.0,M,Clothing,Product_71,10.0,179.41,0.1,1614.69,361.98,Card,Yes,2025,7,July,10,Thursday,3,28,191,0,161.469,179.41,22.41792542221727,26-35,0
100525,2025-07-11 06:59:27.567567,S2,North,65.0,F,Home,Product_23,6.0,303.67,0.1,1639.82,359.91,UPI,No,2025,7,July,11,Friday,3,28,192,0,273.30333333333334,182.202,21.948140649583493,55+,0
100526,2025-07-11 15:44:08.648648,S2,South,50.0,M,Home,Product_41,8.0,233.29,0.15,1586.37,302.79,UPI,No,2025,7,July,11,Friday,3,28,192,0,198.29625,279.948,19.086972143951286,46-55,1
100527,2025-07-12 00:28:49.729729,S1,South,62.0,F,Electronics,Product_93,9.0,164.04,0.05,1402.54,305.48,Cash,Yes,2025,7,July,12,Saturday,3,28,193,1,155.83777777777777,73.818,21.780483979066553,55+,0
100528,2025-07-12 09:13:30.810810,S1,West,43.0,F,Clothing,Product_80,4.0,164.23,0.1,591.23,134.06,UPI,Yes,2025,7,July,12,Saturday,3,28,193,1,147.8075,65.692,22.67476278267341,36-45,0
100529,2025-07-12 17:58:11.891891,S4,East,56.0,M,Grocery,Product_28,6.0,46.81,0.2,224.69,25.62,Card,No,2025,7,July,12,Saturday,3,28,193,1,37.44833333333333,56.172000000000004,11.402376607770707,55+,1
100530,2025-07-13 02:42:52.972972,S4,South,45.0,M,Home,Product_48,7.0,310.54,0.0,2173.78,446.13,UPI,Yes,2025,7,July,13,Sunday,3,28,194,1,310.54,0.0,20.523236022044546,36-45,0
100531,2025-07-13 11:27:34.054054,S4,East,22.0,F,Clothing,Product_38,3.0,153.51,0.05,437.5,112.4,Card,No,2025,7,July,13,Sunday,3,28,194,1,145.83333333333334,23.0265,25.69142857142857,18-25,0
100532,2025-07-13 20:12:15.135135,S4,East,25.0,F,Home,Product_31,2.0,299.9,0.1,539.82,106.7,UPI,No,2025,7,July,13,Sunday,3,28,194,1,269.91,59.98,19.765847875217663,18-25,0
100533,2025-07-14 04:56:56.216216,S3,South,42.0,F,Electronics,Product_14,9.0,394.36,0.2,2310.6412499999997,371.67,Cash,No,2025,7,July,14,Monday,3,29,195,0,256.73791666666665,709.8480000000001,16.085145195083836,36-45,1
100534,2025-07-14 13:41:37.297297,S3,South,44.0,M,Clothing,Product_97,6.0,66.63,0.0,399.78,111.12,UPI,Yes,2025,7,July,14,Monday,3,29,195,0,66.63,0.0,27.795287408074444,36-45,0
100535,2025-07-14 22:26:18.378378,S4,North,63.0,M,Home,Product_73,2.0,150.85,0.0,301.7,82.29,UPI,No,2025,7,July,14,Monday,3,29,195,0,150.85,0.0,27.275439177991384,55+,0
100536,2025-07-15 07:10:59.459459,S4,North,40.0,M,Electronics,Product_91,4.0,257.96,0.0,1031.84,203.19,Card,No,2025,7,July,15,Tuesday,3,29,196,0,257.96,0.0,19.69200651263762,36-45,0
100537,2025-07-15 15:55:40.540540,S1,East,47.0,F,Electronics,Product_88,7.0,157.02,0.0,1099.14,193.71,UPI,No,2025,7,July,15,Tuesday,3,29,196,0,157.02,0.0,17.623778590534418,46-55,0
100538,2025-07-16 00:40:21.621621,S2,North,62.0,M,Grocery,Product_77,4.0,48.69,0.2,155.81,12.35,Card,No,2025,7,July,16,Wednesday,3,29,197,0,38.9525,38.952,7.926320518580322,55+,1
100539,2025-07-16 09:25:02.702702,S1,East,64.0,M,Electronics,Product_90,5.0,394.59,0.1,1775.66,355.93,UPI,No,2025,7,July,16,Wednesday,3,29,197,0,355.132,197.295,20.044941036009146,55+,0
100540,2025-07-16 18:09:43.783783,S4,East,40.0,F,Electronics,Product_29,6.0,448.85,0.1,2310.6412499999997,356.54,Card,No,2025,7,July,16,Wednesday,3,29,197,0,385.10687499999995,269.31000000000006,15.430348609936747,36-45,0
100541,2025-07-17 02:54:24.864864,S3,North,66.0,F,Grocery,Product_51,5.0,15.51,0.05,73.67,10.94,UPI,Yes,2025,7,July,17,Thursday,3,29,198,0,14.734,3.8775,14.85000678702321,55+,0
100542,2025-07-17 11:39:05.945945,S1,East,64.0,M,Home,Product_49,4.0,213.25,0.15,725.05,149.93,Card,No,2025,7,July,17,Thursday,3,29,198,0,181.2625,127.94999999999999,20.678573891455766,55+,1
100543,2025-07-17 20:23:47.027027,S3,North,37.0,M,Home,Product_43,6.0,52.4,0.0,314.4,78.23,UPI,Yes,2025,7,July,17,Thursday,3,29,198,0,52.4,0.0,24.882315521628502,36-45,0
100544,2025-07-18 05:08:28.108108,S3,West,35.0,F,Grocery,Product_92,6.0,12.13,0.05,69.14,12.62,Card,Yes,2025,7,July,18,Friday,3,29,199,0,11.523333333333333,3.6390000000000002,18.25282036447787,26-35,0
100545,2025-07-18 13:53:09.189189,S2,South,35.0,F,Electronics,Product_92,5.0,168.97,0.05,802.61,127.86,Cash,No,2025,7,July,18,Friday,3,29,199,0,160.522,42.24250000000001,15.930526656782249,26-35,0
100546,2025-07-18 22:37:50.270270,S1,West,19.0,M,Home,Product_72,3.0,267.64,0.0,802.92,195.57,Card,Yes,2025,7,July,18,Friday,3,29,199,0,267.64,0.0,24.357345688237935,18-25,0
100547,2025-07-19 07:22:31.351351,S3,East,21.0,F,Clothing,Product_87,3.0,32.97,0.05,93.96,26.94,UPI,No,2025,7,July,19,Saturday,3,29,200,1,31.319999999999997,4.9455,28.671775223499363,18-25,0
100548,2025-07-19 16:07:12.432432,S2,North,44.0,F,Grocery,Product_93,10.0,58.73,0.05,557.93,76.69,Card,No,2025,7,July,19,Saturday,3,29,200,1,55.79299999999999,29.365,13.745451938415215,36-45,0
100549,2025-07-20 00:51:53.513513,S3,East,50.0,M,Clothing,Product_5,1.0,59.94,0.0,59.94,18.02,UPI,Yes,2025,7,July,20,Sunday,3,29,201,1,59.94,0.0,30.063396730063396,46-55,0
100550,2025-07-20 09:36:34.594594,S2,West,53.0,M,Home,Product_42,2.0,313.31,0.0,626.62,153.7,Card,No,2025,7,July,20,Sunday,3,29,201,1,313.31,0.0,24.528422329322392,46-55,0
100551,2025-07-20 18:21:15.675675,S4,East,35.0,M,Clothing,Product_7,4.0,150.1,0.15,510.34,116.71,UPI,No,2025,7,July,20,Sunday,3,29,201,1,127.585,90.05999999999999,22.86906768036995,26-35,1
100552,2025-07-21 03:05:56.756756,S3,West,54.0,F,Clothing,Product_42,7.0,173.25,0.0,1212.75,370.24,Card,No,2025,7,July,21,Monday,3,30,202,0,173.25,0.0,30.52896310039167,46-55,0
100553,2025-07-21 11:50:37.837837,S3,West,36.0,M,Home,Product_36,2.0,315.13,0.2,504.21,90.05,UPI,No,2025,7,July,21,Monday,3,30,202,0,252.105,126.052,17.85962198290395,36-45,1
100554,2025-07-21 20:35:18.918918,S4,North,64.0,F,Home,Product_27,3.0,330.0,0.0,990.0,235.79,Card,No,2025,7,July,21,Monday,3,30,202,0,330.0,0.0,23.817171717171718,55+,0
100555,2025-07-22 05:20:00.000000,S2,North,45.0,F,Home,Product_58,1.0,307.62,0.15,261.48,52.62,Card,Yes,2025,7,July,22,Tuesday,3,30,203,0,261.48,46.143,20.123910050481868,36-45,1
100556,2025-07-22 14:04:41.081081,S1,East,57.0,M,Clothing,Product_46,6.0,130.94,0.15,667.79,138.07,UPI,Yes,2025,7,July,22,Tuesday,3,30,203,0,111.29833333333333,117.84599999999999,20.675661510355052,55+,1
100557,2025-07-22 22:49:22.162162,S1,South,37.0,F,Clothing,Product_66,2.0,47.24,0.2,75.58,15.53,Card,No,2025,7,July,22,Tuesday,3,30,203,0,37.79,18.896,20.547763958719237,36-45,1
100558,2025-07-23 07:34:03.243243,S3,West,66.0,F,Home,Product_25,3.0,131.51,0.15,335.35,55.32,Card,No,2025,7,July,23,Wednesday,3,30,204,0,111.78333333333335,59.17949999999999,16.496198002087368,55+,1
100559,2025-07-23 16:18:44.324324,S3,West,50.0,M,Grocery,Product_73,4.0,20.95,0.0,83.8,15.13,Cash,Yes,2025,7,July,23,Wednesday,3,30,204,0,20.95,0.0,18.05489260143198,46-55,0
100560,2025-07-24 01:03:25.405405,S3,South,29.0,M,Home,Product_27,8.0,231.08,0.05,1756.21,445.7,Cash,No,2025,7,July,24,Thursday,3,30,205,0,219.52625,92.43200000000002,25.378513959036788,26-35,0
100561,2025-07-24 09:48:06.486486,S1,North,68.0,M,Grocery,Product_1,3.0,42.77,0.05,121.89,18.77,UPI,No,2025,7,July,24,Thursday,3,30,205,0,40.63,6.415500000000001,15.399130363442449,55+,0
100562,2025-07-24 18:32:47.567567,S1,West,32.0,F,Grocery,Product_87,2.0,70.03,0.0,140.06,28.27,Card,No,2025,7,July,24,Thursday,3,30,205,0,70.03,0.0,20.184206768527773,26-35,0
100563,2025-07-25 03:17:28.648648,S1,South,58.0,F,Clothing,Product_74,4.0,172.43,0.0,689.72,235.79,Card,No,2025,7,July,25,Friday,3,30,206,0,172.43,0.0,34.186336484370464,55+,0
100564,2025-07-25 12:02:09.729729,S2,West,56.0,M,Home,Product_42,10.0,171.46,0.15,1457.41,276.06,UPI,No,2025,7,July,25,Friday,3,30,206,0,145.741,257.19,18.941821450381156,55+,1
100565,2025-07-25 20:46:50.810810,S3,South,19.0,F,Grocery,Product_52,5.0,42.98,0.1,193.41,29.45,Card,No,2025,7,July,25,Friday,3,30,206,0,38.682,21.49,15.226720438446822,18-25,0
100566,2025-07-26 05:31:31.891891,S2,East,46.0,F,Home,Product_25,10.0,341.45,0.1,2310.6412499999997,476.705,Cash,No,2025,7,July,26,Saturday,3,30,207,1,231.06412499999996,341.45000000000005,20.630853015369656,46-55,0
100567,2025-07-26 14:16:12.972972,S2,North,58.0,F,Grocery,Product_54,7.0,25.72,0.2,144.03,15.05,Card,No,2025,7,July,26,Saturday,3,30,207,1,20.575714285714287,36.008,10.449211969728529,55+,1
100568,2025-07-26 23:00:54.054054,S4,East,27.0,M,Home,Product_67,1.0,287.72,0.1,258.95,58.46,Cash,No,2025,7,July,26,Saturday,3,30,207,1,258.95,28.772000000000006,22.57578683143464,26-35,0
100569,2025-07-27 07:45:35.135135,S2,South,19.0,M,Clothing,Product_6,5.0,56.04,0.1,252.18,59.27,UPI,No,2025,7,July,27,Sunday,3,30,208,1,50.436,28.02,23.503053374573717,18-25,0
100570,2025-07-27 16:30:16.216216,S2,East,68.0,M,Electronics,Product_58,3.0,388.51,0.15,990.7,145.38,UPI,No,2025,7,July,27,Sunday,3,30,208,1,330.23333333333335,174.8295,14.674472595134752,55+,1
100571,2025-07-28 01:14:57.297297,S4,North,28.0,F,Clothing,Product_70,4.0,60.58,0.0,242.32,60.45,Card,Yes,2025,7,July,28,Monday,3,31,209,0,60.58,0.0,24.946351931330472,26-35,0
100572,2025-07-28 09:59:38.378378,S2,East,30.0,M,Grocery,Product_53,3.0,71.28,0.05,203.15,31.11,Cash,Yes,2025,7,July,28,Monday,3,31,209,0,67.71666666666667,10.692,15.313807531380752,26-35,0
100573,2025-07-28 18:44:19.459459,S3,West,27.0,F,Home,Product_66,3.0,218.44,0.2,524.26,98.58,Card,No,2025,7,July,28,Monday,3,31,209,0,174.75333333333333,131.064,18.803647045359174,26-35,1
100574,2025-07-29 03:29:00.540540,S4,North,31.0,M,Clothing,Product_58,9.0,49.75,0.2,358.2,64.91,UPI,Yes,2025,7,July,29,Tuesday,3,31,210,0,39.8,89.55000000000001,18.121161362367392,26-35,1
100575,2025-07-29 12:13:41.621621,S4,North,35.0,M,Grocery,Product_82,2.0,21.83,0.15,37.11,4.64,UPI,Yes,2025,7,July,29,Tuesday,3,31,210,0,18.555,6.5489999999999995,12.503368364322284,26-35,1
100576,2025-07-29 20:58:22.702702,S1,North,68.0,M,Home,Product_87,8.0,198.15,0.05,1505.94,342.66,Card,Yes,2025,7,July,29,Tuesday,3,31,210,0,188.2425,79.26,22.753894577473208,55+,0
100577,2025-07-30 05:43:03.783783,S4,East,26.0,F,Clothing,Product_2,1.0,173.86,0.15,147.78,30.68,Card,Yes,2025,7,July,30,Wednesday,3,31,211,0,147.78,26.079,20.76059006631479,26-35,1
100578,2025-07-30 14:27:44.864864,S2,East,56.0,M,Home,Product_76,1.0,280.89,0.0,280.89,59.81,UPI,Yes,2025,7,July,30,Wednesday,3,31,211,0,280.89,0.0,21.293032859838373,55+,0
100579,2025-07-30 23:12:25.945945,S1,East,45.0,M,Home,Product_22,7.0,196.49,0.0,1375.43,381.35,Card,Yes,2025,7,July,30,Wednesday,3,31,211,0,196.49,0.0,27.725874817329853,36-45,0
100580,2025-07-31 07:57:07.027027,S2,North,20.0,F,Electronics,Product_37,5.0,268.2,0.05,1273.95,267.97,UPI,No,2025,7,July,31,Thursday,3,31,212,0,254.79000000000002,67.05,21.03457749519212,18-25,0
100581,2025-07-31 16:41:48.108108,S4,South,37.0,M,Clothing,Product_20,6.0,107.88,0.05,614.92,192.66,Card,No,2025,7,July,31,Thursday,3,31,212,0,102.48666666666666,32.364,31.33090483314903,36-45,0
100582,2025-08-01 01:26:29.189189,S2,East,23.0,M,Clothing,Product_24,2.0,139.74,0.0,279.48,84.29,Card,No,2025,8,August,1,Friday,3,31,213,0,139.74,0.0,30.159582081007585,18-25,0
100583,2025-08-01 10:11:10.270270,S2,South,44.0,F,Clothing,Product_84,4.0,145.43,0.05,552.63,158.5,UPI,Yes,2025,8,August,1,Friday,3,31,213,0,138.1575,29.086000000000002,28.681034326764742,36-45,0
100584,2025-08-01 18:55:51.351351,S3,West,70.0,M,Clothing,Product_65,6.0,71.94,0.0,431.64,105.76,UPI,No,2025,8,August,1,Friday,3,31,213,0,71.94,0.0,24.50189973125753,55+,0
100585,2025-08-02 03:40:32.432432,S1,North,19.0,M,Clothing,Product_65,5.0,135.39,0.05,643.1,144.48,Card,No,2025,8,August,2,Saturday,3,31,214,1,128.62,33.8475,22.46617944332141,18-25,0
100586,2025-08-02 12:25:13.513513,S1,East,46.0,M,Electronics,Product_81,4.0,380.23,0.15,1292.78,207.94,Cash,No,2025,8,August,2,Saturday,3,31,214,1,323.195,228.138,16.084716657126503,46-55,1
100587,2025-08-02 21:09:54.594594,S1,South,55.0,M,Clothing,Product_1,9.0,173.46,0.1,1405.03,304.94,Cash,Yes,2025,8,August,2,Saturday,3,31,214,1,156.11444444444444,156.11400000000003,21.703451171861097,46-55,0
100588,2025-08-03 05:54:35.675675,S1,South,20.0,M,Electronics,Product_94,5.0,475.88,0.0,2310.6412499999997,476.705,UPI,No,2025,8,August,3,Sunday,3,31,215,1,462.1282499999999,0.0,20.630853015369656,18-25,0
100589,2025-08-03 14:39:16.756756,S1,East,33.0,M,Clothing,Product_3,8.0,146.3,0.05,1111.88,345.27,Card,No,2025,8,August,3,Sunday,3,31,215,1,138.985,58.52000000000001,31.0528114544735,26-35,0
100590,2025-08-03 23:23:57.837837,S1,East,47.0,M,Grocery,Product_46,6.0,59.25,0.1,319.95,52.41,Card,No,2025,8,August,3,Sunday,3,31,215,1,53.324999999999996,35.550000000000004,16.380684481950304,46-55,0
100591,2025-08-04 08:08:38.918918,S3,West,57.0,M,Home,Product_55,6.0,132.21,0.05,753.6,159.23,UPI,No,2025,8,August,4,Monday,3,32,216,0,125.60000000000001,39.663000000000004,21.12924628450106,55+,0
100592,2025-08-04 16:53:20.000000,S1,North,19.0,F,Clothing,Product_75,1.0,155.35,0.05,147.58,31.39,UPI,No,2025,8,August,4,Monday,3,32,216,0,147.58,7.7675,21.2698197587749,18-25,0
100593,2025-08-05 01:38:01.081081,S2,North,34.0,M,Electronics,Product_88,3.0,299.63,0.1,809.0,129.12,Card,No,2025,8,August,5,Tuesday,3,32,217,0,269.6666666666667,89.88900000000001,15.96044499381953,26-35,0
100594,2025-08-05 10:22:42.162162,S4,East,58.0,M,Electronics,Product_86,7.0,245.28,0.2,1373.57,176.99,UPI,No,2025,8,August,5,Tuesday,3,32,217,0,196.2242857142857,343.39200000000005,12.885400816849524,55+,1
100595,2025-08-05 19:07:23.243243,S2,East,29.0,F,Clothing,Product_64,2.0,81.47,0.0,162.94,44.58,Card,Yes,2025,8,August,5,Tuesday,3,32,217,0,81.47,0.0,27.359764330428376,26-35,0
100596,2025-08-06 03:52:04.324324,S3,South,52.0,F,Electronics,Product_45,1.0,442.58,0.05,420.45,73.33,Card,No,2025,8,August,6,Wednesday,3,32,218,0,420.45,22.129,17.44083719823998,46-55,0
100597,2025-08-06 12:36:45.405405,S1,North,60.0,M,Clothing,Product_26,3.0,43.78,0.05,124.77,35.26,UPI,No,2025,8,August,6,Wednesday,3,32,218,0,41.589999999999996,6.567,28.259998397050573,55+,0
100598,2025-08-06 21:21:26.486486,S1,North,44.0,F,Electronics,Product_77,2.0,309.66,0.1,557.39,92.4,UPI,No,2025,8,August,6,Wednesday,3,32,218,0,278.695,61.93200000000001,16.577261881268054,36-45,0
100599,2025-08-07 06:06:07.567567,S1,West,62.0,M,Grocery,Product_65,9.0,41.93,0.0,377.37,72.82,Card,Yes,2025,8,August,7,Thursday,3,32,219,0,41.93,0.0,19.296711450300762,55+,0
100600,2025-08-07 14:50:48.648648,S1,North,32.0,M,Clothing,Product_24,8.0,25.86,0.0,206.88,58.15,UPI,Yes,2025,8,August,7,Thursday,3,32,219,0,25.86,0.0,28.108081979891725,26-35,0
100601,2025-08-07 23:35:29.729729,S1,South,43.0,F,Electronics,Product_74,4.0,218.51,0.0,874.04,208.69,Cash,No,2025,8,August,7,Thursday,3,32,219,0,218.51,0.0,23.876481625554895,36-45,0
100602,2025-08-08 08:20:10.810810,S1,North,54.0,M,Home,Product_35,1.0,298.02,0.2,238.42,39.4,UPI,No,2025,8,August,8,Friday,3,32,220,0,238.42,59.604,16.525459273550876,46-55,1
100603,2025-08-08 17:04:51.891891,S1,South,38.0,M,Clothing,Product_24,6.0,152.92,0.1,825.77,182.91,UPI,No,2025,8,August,8,Friday,3,32,220,0,137.62833333333333,91.75200000000001,22.150235537740535,36-45,0
100604,2025-08-09 01:49:32.972972,S1,North,66.0,M,Electronics,Product_28,5.0,252.35,0.1,1135.58,190.81,Card,No,2025,8,August,9,Saturday,3,32,221,1,227.11599999999999,126.17500000000001,16.80286725726061,55+,0
100605,2025-08-09 10:34:14.054054,S2,South,48.0,F,Clothing,Product_100,10.0,159.98,0.15,1359.83,283.27,Card,Yes,2025,8,August,9,Saturday,3,32,221,1,135.983,239.96999999999997,20.831280380635814,46-55,1
100606,2025-08-09 19:18:55.135135,S1,North,42.0,M,Home,Product_80,4.0,281.53,0.0,1126.12,328.03,Card,No,2025,8,August,9,Saturday,3,32,221,1,281.53,0.0,29.1292224629702,36-45,0
100607,2025-08-10 04:03:36.216216,S2,West,40.0,F,Home,Product_16,3.0,175.37,0.15,447.19,85.65,UPI,No,2025,8,August,10,Sunday,3,32,222,1,149.06333333333333,78.9165,19.15293275788815,36-45,1
100608,2025-08-10 12:48:17.297297,S2,North,41.0,M,Electronics,Product_59,4.0,411.94,0.1,1482.98,267.07,UPI,No,2025,8,August,10,Sunday,3,32,222,1,370.745,164.776,18.009008887510284,36-45,0
100609,2025-08-10 21:32:58.378378,S3,East,55.0,F,Clothing,Product_81,10.0,173.81,0.05,1651.2,458.44,Card,Yes,2025,8,August,10,Sunday,3,32,222,1,165.12,86.905,27.7640503875969,46-55,0
100610,2025-08-11 06:17:39.459459,S1,West,45.0,F,Electronics,Product_54,6.0,310.64,0.15,1584.26,253.48,Card,No,2025,8,August,11,Monday,3,33,223,0,264.04333333333335,279.57599999999996,15.999899006476209,36-45,1
100611,2025-08-11 15:02:20.540540,S4,East,38.0,F,Electronics,Product_79,5.0,233.45,0.15,992.16,181.0,Card,No,2025,8,August,11,Monday,3,33,223,0,198.432,175.0875,18.243025318497015,36-45,1
100612,2025-08-11 23:47:01.621621,S3,East,60.0,F,Grocery,Product_16,2.0,75.64,0.15,128.59,14.47,Card,No,2025,8,August,11,Monday,3,33,223,0,64.295,22.692,11.252819037250175,55+,1
100613,2025-08-12 08:31:42.702702,S1,South,35.0,F,Home,Product_15,6.0,231.12,0.0,1386.72,333.54,Cash,No,2025,8,August,12,Tuesday,3,33,224,0,231.12,0.0,24.05244029075805,26-35,0
100614,2025-08-12 17:16:23.783783,S4,South,53.0,M,Clothing,Product_98,6.0,36.84,0.2,176.83,31.9,UPI,Yes,2025,8,August,12,Tuesday,3,33,224,0,29.471666666666668,44.208000000000006,18.039925352033023,46-55,1
100615,2025-08-13 02:01:04.864864,S4,East,52.0,M,Home,Product_11,3.0,221.8,0.2,532.32,110.19,Card,Yes,2025,8,August,13,Wednesday,3,33,225,0,177.44000000000003,133.08,20.699954914337237,46-55,1
100616,2025-08-13 10:45:45.945945,S1,West,62.0,M,Electronics,Product_65,4.0,325.2,0.05,1235.76,245.43,UPI,No,2025,8,August,13,Wednesday,3,33,225,0,308.94,65.04,19.86065255389396,55+,0
100617,2025-08-13 19:30:27.027027,S1,East,26.0,F,Grocery,Product_79,3.0,69.17,0.0,207.51,32.48,UPI,No,2025,8,August,13,Wednesday,3,33,225,0,69.17,0.0,15.652257722519398,26-35,0
100618,2025-08-14 04:15:08.108108,S4,East,70.0,F,Electronics,Product_90,2.0,335.74,0.0,671.48,150.37,UPI,Yes,2025,8,August,14,Thursday,3,33,226,0,335.74,0.0,22.393816643831535,55+,0
100619,2025-08-14 12:59:49.189189,S3,East,55.0,M,Electronics,Product_68,1.0,239.33,0.2,191.46,24.32,Card,No,2025,8,August,14,Thursday,3,33,226,0,191.46,47.86600000000001,12.70239214457328,46-55,1
100620,2025-08-14 21:44:30.270270,S1,South,47.0,M,Clothing,Product_43,3.0,128.1,0.1,345.87,80.31,Card,No,2025,8,August,14,Thursday,3,33,226,0,115.29,38.43,23.219706826264204,46-55,0
100621,2025-08-15 06:29:11.351351,S1,North,61.0,M,Home,Product_69,4.0,212.77,0.05,808.53,190.99,Card,No,2025,8,August,15,Friday,3,33,227,0,202.1325,42.554,23.62188168651751,55+,0
100622,2025-08-15 15:13:52.432432,S2,East,51.0,F,Clothing,Product_99,1.0,57.29,0.0,57.29,17.78,UPI,Yes,2025,8,August,15,Friday,3,33,227,0,57.29,0.0,31.035084657008206,46-55,0
100623,2025-08-15 23:58:33.513513,S2,West,49.0,M,Electronics,Product_13,3.0,350.77,0.0,1052.31,233.65,UPI,No,2025,8,August,15,Friday,3,33,227,0,350.77,0.0,22.203533179386305,46-55,0
100624,2025-08-16 08:43:14.594594,S3,North,44.0,F,Clothing,Product_10,8.0,151.45,0.1,1090.44,246.2,UPI,Yes,2025,8,August,16,Saturday,3,33,228,1,136.305,121.16,22.578041891346608,36-45,0
100625,2025-08-16 17:27:55.675675,S2,East,20.0,F,Clothing,Product_75,5.0,24.57,0.05,116.71,29.17,Card,Yes,2025,8,August,16,Saturday,3,33,228,1,23.342,6.1425,24.99357381543998,18-25,0
100626,2025-08-17 02:12:36.756756,S2,North,45.0,M,Electronics,Product_82,5.0,370.8,0.2,1483.2,227.12,Card,Yes,2025,8,August,17,Sunday,3,33,229,1,296.64,370.8,15.312837108953614,36-45,1
100627,2025-08-17 10:57:17.837837,S3,East,61.0,M,Grocery,Product_98,3.0,31.22,0.1,84.29,8.5,Card,No,2025,8,August,17,Sunday,3,33,229,1,28.096666666666668,9.366,10.084233005101435,55+,0
100628,2025-08-17 19:41:58.918918,S1,North,32.0,M,Electronics,Product_41,5.0,252.44,0.15,1072.87,149.29,Cash,Yes,2025,8,August,17,Sunday,3,33,229,1,214.57399999999998,189.33,13.915013002507296,26-35,1
100629,2025-08-18 04:26:40.000000,S1,South,58.0,M,Clothing,Product_50,2.0,82.81,0.0,165.62,47.08,Card,No,2025,8,August,18,Monday,3,34,230,0,82.81,0.0,28.426518536408647,55+,0
100630,2025-08-18 13:11:21.081081,S3,East,40.0,M,Home,Product_87,7.0,152.61,0.0,1068.27,230.6,Card,No,2025,8,August,18,Monday,3,34,230,0,152.60999999999999,0.0,21.586303088170595,36-45,0
100631,2025-08-18 21:56:02.162162,S4,South,57.0,M,Electronics,Product_71,1.0,441.28,0.05,419.22,81.22,Cash,No,2025,8,August,18,Monday,3,34,230,0,419.22,22.064,19.37407566432899,55+,0
100632,2025-08-19 06:40:43.243243,S2,East,28.0,F,Home,Product_59,5.0,132.44,0.05,629.09,138.67,UPI,No,2025,8,August,19,Tuesday,3,34,231,0,125.81800000000001,33.11000000000001,22.042950929119836,26-35,0
100633,2025-08-19 15:25:24.324324,S2,West,65.0,M,Grocery,Product_39,3.0,59.99,0.0,179.97,35.55,UPI,No,2025,8,August,19,Tuesday,3,34,231,0,59.99,0.0,19.75329221536923,55+,0
100634,2025-08-20 00:10:05.405405,S1,West,49.0,M,Electronics,Product_3,6.0,182.92,0.2,878.02,118.53,Card,No,2025,8,August,20,Wednesday,3,34,232,0,146.33666666666667,219.50400000000002,13.499692489920504,46-55,1
100635,2025-08-20 08:54:46.486486,S2,North,53.0,F,Grocery,Product_76,4.0,76.35,0.05,290.13,53.31,UPI,No,2025,8,August,20,Wednesday,3,34,232,0,72.5325,15.27,18.374521766104852,46-55,0
100636,2025-08-20 17:39:27.567567,S2,South,50.0,F,Clothing,Product_7,4.0,119.57,0.0,478.28,134.67,Card,No,2025,8,August,20,Wednesday,3,34,232,0,119.57,0.0,28.157146441415073,46-55,0
100637,2025-08-21 02:24:08.648648,S1,North,41.0,M,Electronics,Product_49,2.0,397.35,0.0,794.7,203.07,UPI,Yes,2025,8,August,21,Thursday,3,34,233,0,397.35,0.0,25.553038882597207,36-45,0
100638,2025-08-21 11:08:49.729729,S1,West,56.0,F,Clothing,Product_26,5.0,67.69,0.0,338.45,85.37,Card,Yes,2025,8,August,21,Thursday,3,34,233,0,67.69,0.0,25.223814448219827,55+,0
100639,2025-08-21 19:53:30.810810,S2,West,51.0,M,Clothing,Product_33,10.0,85.94,0.2,687.52,159.74,Card,No,2025,8,August,21,Thursday,3,34,233,0,68.752,171.88,23.234233185943683,46-55,1
100640,2025-08-22 04:38:11.891891,S1,East,45.0,F,Home,Product_48,7.0,117.13,0.0,819.91,198.24,UPI,No,2025,8,August,22,Friday,3,34,234,0,117.13,0.0,24.178263467941605,36-45,0
100641,2025-08-22 13:22:52.972972,S2,West,54.0,F,Home,Product_79,1.0,329.76,0.05,313.27,81.29,UPI,No,2025,8,August,22,Friday,3,34,234,0,313.27,16.488,25.948862004022093,46-55,0
100642,2025-08-22 22:07:34.054054,S1,East,24.0,F,Grocery,Product_2,3.0,41.61,0.1,112.35,18.39,UPI,No,2025,8,August,22,Friday,3,34,234,0,37.449999999999996,12.483,16.368491321762352,18-25,0
100643,2025-08-23 06:52:15.135135,S2,East,21.0,M,Grocery,Product_71,9.0,52.28,0.0,470.52,57.86,Card,Yes,2025,8,August,23,Saturday,3,34,235,1,52.28,0.0,12.297033069795122,18-25,0
100644,2025-08-23 15:36:56.216216,S1,North,54.0,F,Home,Product_32,4.0,270.28,0.0,1081.12,280.64,Card,No,2025,8,August,23,Saturday,3,34,235,1,270.28,0.0,25.95826550244191,46-55,0
100645,2025-08-24 00:21:37.297297,S4,East,18.0,M,Home,Product_4,5.0,161.33,0.0,806.65,217.76,UPI,Yes,2025,8,August,24,Sunday,3,34,236,1,161.32999999999998,0.0,26.995599082625677,18-25,0
100646,2025-08-24 09:06:18.378378,S3,North,18.0,M,Clothing,Product_20,8.0,135.22,0.05,1027.67,294.5,UPI,No,2025,8,August,24,Sunday,3,34,236,1,128.45875,54.088,28.657059172691625,18-25,0
100647,2025-08-24 17:50:59.459459,S3,West,64.0,M,Clothing,Product_36,8.0,128.16,0.0,1025.28,262.95,Cash,No,2025,8,August,24,Sunday,3,34,236,1,128.16,0.0,25.646652621722847,55+,0
100648,2025-08-25 02:35:40.540540,S4,West,37.0,M,Electronics,Product_32,4.0,396.98,0.0,1587.92,368.09,UPI,No,2025,8,August,25,Monday,3,35,237,0,396.98,0.0,23.180638823114514,36-45,0
100649,2025-08-25 11:20:21.621621,S2,East,36.0,M,Home,Product_28,4.0,196.77,0.15,669.02,129.72,UPI,Yes,2025,8,August,25,Monday,3,35,237,0,167.255,118.062,19.389554871304295,36-45,1
100650,2025-08-25 20:05:02.702702,S1,North,46.0,F,Clothing,Product_77,3.0,81.27,0.0,243.81,70.37,Cash,No,2025,8,August,25,Monday,3,35,237,0,81.27,0.0,28.86263894015832,46-55,0
100651,2025-08-26 04:49:43.783783,S2,South,27.0,F,Electronics,Product_1,6.0,227.73,0.15,1161.42,209.03,Card,No,2025,8,August,26,Tuesday,3,35,238,0,193.57000000000002,204.95699999999997,17.997795801691034,26-35,1
100652,2025-08-26 13:34:24.864864,S3,North,44.0,M,Electronics,Product_60,3.0,438.62,0.15,1118.48,204.83,Card,No,2025,8,August,26,Tuesday,3,35,238,0,372.82666666666665,197.37900000000002,18.313246548887776,36-45,1
100653,2025-08-26 22:19:05.945945,S3,South,45.0,M,Clothing,Product_56,2.0,117.34,0.05,222.95,55.04,Card,No,2025,8,August,26,Tuesday,3,35,238,0,111.475,11.734000000000002,24.68714958510877,36-45,0
100654,2025-08-27 07:03:47.027027,S2,North,52.0,M,Home,Product_35,3.0,183.31,0.05,522.43,122.93,Card,Yes,2025,8,August,27,Wednesday,3,35,239,0,174.14333333333332,27.496500000000005,23.530425128725383,46-55,0
100655,2025-08-27 15:48:28.108108,S1,West,60.0,M,Clothing,Product_30,2.0,171.04,0.0,342.08,96.06,UPI,No,2025,8,August,27,Wednesday,3,35,239,0,171.04,0.0,28.0811506080449,55+,0
100656,2025-08-28 00:33:09.189189,S2,East,64.0,M,Home,Product_54,6.0,64.35,0.1,347.49,71.31,UPI,No,2025,8,August,28,Thursday,3,35,240,0,57.915,38.61,20.52145385478719,55+,0
100657,2025-08-28 09:17:50.270270,S2,South,48.0,F,Clothing,Product_36,5.0,156.03,0.1,702.14,166.49,UPI,Yes,2025,8,August,28,Thursday,3,35,240,0,140.428,78.015,23.711795368445042,46-55,0
100658,2025-08-28 18:02:31.351351,S3,South,44.0,M,Home,Product_55,4.0,349.27,0.1,1257.37,268.98,Card,No,2025,8,August,28,Thursday,3,35,240,0,314.3425,139.708,21.39227116918648,36-45,0
100659,2025-08-29 02:47:12.432432,S3,South,28.0,M,Electronics,Product_89,3.0,460.43,0.0,1381.29,287.25,UPI,No,2025,8,August,29,Friday,3,35,241,0,460.43,0.0,20.795777859826682,26-35,0
100660,2025-08-29 11:31:53.513513,S2,East,66.0,M,Electronics,Product_80,8.0,433.65,0.2,2310.6412499999997,437.57,Card,No,2025,8,August,29,Friday,3,35,241,0,288.83015624999996,693.84,18.937167333959785,55+,1
100661,2025-08-29 20:16:34.594594,S4,South,66.0,F,Home,Product_58,1.0,162.29,0.0,162.29,44.69,UPI,No,2025,8,August,29,Friday,3,35,241,0,162.29,0.0,27.5371248998706,55+,0
100662,2025-08-30 05:01:15.675675,S3,West,55.0,F,Clothing,Product_83,6.0,57.01,0.05,324.96,79.16,Card,No,2025,8,August,30,Saturday,3,35,242,1,54.16,17.103,24.359921221073364,46-55,0
100663,2025-08-30 13:45:56.756756,S1,South,22.0,F,Electronics,Product_65,8.0,407.2,0.05,2310.6412499999997,476.705,UPI,No,2025,8,August,30,Saturday,3,35,242,1,288.83015624999996,162.88,20.630853015369656,18-25,0
100664,2025-08-30 22:30:37.837837,S1,West,25.0,F,Clothing,Product_69,4.0,68.73,0.0,274.92,72.48,Card,No,2025,8,August,30,Saturday,3,35,242,1,68.73,0.0,26.36403317328677,18-25,0
100665,2025-08-31 07:15:18.918918,S1,West,51.0,M,Electronics,Product_51,4.0,211.61,0.05,804.12,175.26,Card,No,2025,8,August,31,Sunday,3,35,243,1,201.03,42.322,21.795254439635876,46-55,0
100666,2025-08-31 16:00:00.000000,S1,North,65.0,M,Clothing,Product_22,9.0,145.84,0.15,1115.68,274.82,UPI,No,2025,8,August,31,Sunday,3,35,243,1,123.96444444444445,196.884,24.632511114298005,55+,1
100667,2025-09-01 00:44:41.081081,S1,West,69.0,F,Clothing,Product_88,2.0,70.01,0.15,119.02,25.96,Cash,No,2025,9,September,1,Monday,3,36,244,0,59.51,21.003,21.811460258780038,55+,1
100668,2025-09-01 09:29:22.162162,S1,North,29.0,M,Home,Product_53,4.0,324.33,0.15,1102.72,191.64,UPI,No,2025,9,September,1,Monday,3,36,244,0,275.68,194.59799999999998,17.378845037724897,26-35,1
100669,2025-09-01 18:14:03.243243,S2,West,55.0,F,Home,Product_100,4.0,302.19,0.05,1148.32,250.59,UPI,No,2025,9,September,1,Monday,3,36,244,0,287.08,60.438,21.82231433746691,46-55,0
100670,2025-09-02 02:58:44.324324,S1,South,18.0,M,Electronics,Product_36,2.0,446.67,0.1,804.01,150.54,Cash,No,2025,9,September,2,Tuesday,3,36,245,0,402.005,89.334,18.72364771582443,18-25,0
100671,2025-09-02 11:43:25.405405,S4,West,48.0,M,Grocery,Product_68,7.0,62.87,0.0,440.09,96.51,Cash,No,2025,9,September,2,Tuesday,3,36,245,0,62.87,0.0,21.929605308005186,46-55,0
100672,2025-09-02 20:28:06.486486,S1,West,21.0,F,Clothing,Product_36,8.0,160.94,0.05,1223.14,276.61,UPI,Yes,2025,9,September,2,Tuesday,3,36,245,0,152.8925,64.376,22.614745654626617,18-25,0
100673,2025-09-03 05:12:47.567567,S2,West,66.0,F,Home,Product_52,7.0,291.72,0.0,2042.04,476.705,UPI,Yes,2025,9,September,3,Wednesday,3,36,246,0,291.71999999999997,0.0,23.344547609253492,55+,0
100674,2025-09-03 13:57:28.648648,S2,West,62.0,F,Home,Product_53,2.0,230.75,0.05,438.42,100.06,Card,Yes,2025,9,September,3,Wednesday,3,36,246,0,219.21,23.075000000000003,22.822863920441584,55+,0
100675,2025-09-03 22:42:09.729729,S4,South,67.0,M,Home,Product_82,1.0,138.75,0.05,131.81,29.11,Cash,No,2025,9,September,3,Wednesday,3,36,246,0,131.81,6.9375,22.084819057734617,55+,0
100676,2025-09-04 07:26:50.810810,S1,North,22.0,M,Clothing,Product_50,5.0,162.11,0.05,770.02,198.96,Card,Yes,2025,9,September,4,Thursday,3,36,247,0,154.004,40.5275,25.838289914547673,18-25,0
100677,2025-09-04 16:11:31.891891,S2,South,47.0,M,Clothing,Product_80,1.0,154.5,0.1,139.05,31.86,Cash,Yes,2025,9,September,4,Thursday,3,36,247,0,139.05,15.450000000000001,22.912621359223298,46-55,0
100678,2025-09-05 00:56:12.972972,S4,North,41.0,M,Electronics,Product_41,5.0,315.51,0.2,1262.04,208.06,Card,Yes,2025,9,September,5,Friday,3,36,248,0,252.408,315.51,16.486006782669328,36-45,1
100679,2025-09-05 09:40:54.054054,S4,East,20.0,M,Electronics,Product_18,4.0,163.68,0.05,621.98,141.1,Card,No,2025,9,September,5,Friday,3,36,248,0,155.495,32.736000000000004,22.68561690086498,18-25,0
100680,2025-09-05 18:25:35.135135,S4,South,28.0,M,Clothing,Product_22,5.0,122.17,0.2,488.68,98.6,UPI,Yes,2025,9,September,5,Friday,3,36,248,0,97.736,122.17000000000002,20.176802815748545,26-35,1
100681,2025-09-06 03:10:16.216216,S1,West,62.0,M,Clothing,Product_66,5.0,28.1,0.15,119.42,25.94,Card,No,2025,9,September,6,Saturday,3,36,249,1,23.884,21.075,21.72165466421035,55+,1
100682,2025-09-06 11:54:57.297297,S1,East,21.0,M,Clothing,Product_21,4.0,168.2,0.05,639.16,159.88,Card,Yes,2025,9,September,6,Saturday,3,36,249,1,159.79,33.64,25.01408098128794,18-25,0
100683,2025-09-06 20:39:38.378378,S3,West,43.0,M,Electronics,Product_100,2.0,486.57,0.1,875.83,159.23,UPI,No,2025,9,September,6,Saturday,3,36,249,1,437.915,97.31400000000001,18.18046881244077,36-45,0
100684,2025-09-07 05:24:19.459459,S4,North,44.0,M,Home,Product_44,3.0,106.85,0.0,320.55,91.98,UPI,No,2025,9,September,7,Sunday,3,36,250,1,106.85000000000001,0.0,28.69443144595227,36-45,0
100685,2025-09-07 14:09:00.540540,S3,West,63.0,M,Grocery,Product_47,4.0,55.73,0.15,189.48,22.34,UPI,No,2025,9,September,7,Sunday,3,36,250,1,47.37,33.437999999999995,11.790162550137218,55+,1
100686,2025-09-07 22:53:41.621621,S3,West,60.0,M,Grocery,Product_39,5.0,11.92,0.1,53.64,6.61,Card,No,2025,9,September,7,Sunday,3,36,250,1,10.728,5.960000000000001,12.32289336316182,55+,0
100687,2025-09-08 07:38:22.702702,S1,South,44.0,M,Clothing,Product_29,6.0,136.72,0.2,656.26,126.03,UPI,No,2025,9,September,8,Monday,3,37,251,0,109.37666666666667,164.064,19.20427879194222,36-45,1
100688,2025-09-08 16:23:03.783783,S3,East,59.0,F,Home,Product_54,6.0,154.19,0.1,832.63,187.4,Card,No,2025,9,September,8,Monday,3,37,251,0,138.77166666666668,92.51400000000001,22.506995904543437,55+,0
100689,2025-09-09 01:07:44.864864,S1,East,68.0,M,Grocery,Product_90,10.0,56.08,0.15,476.68,50.36,Card,Yes,2025,9,September,9,Tuesday,3,37,252,0,47.668,84.11999999999999,10.564739447847613,55+,1
100690,2025-09-09 09:52:25.945945,S2,North,67.0,M,Clothing,Product_85,3.0,79.66,0.15,203.13,44.55,UPI,No,2025,9,September,9,Tuesday,3,37,252,0,67.71,35.846999999999994,21.931767833407175,55+,1
100691,2025-09-09 18:37:07.027027,S2,South,23.0,M,Clothing,Product_17,1.0,43.29,0.05,41.13,11.08,Cash,Yes,2025,9,September,9,Tuesday,3,37,252,0,41.13,2.1645,26.938973984925845,18-25,0
100692,2025-09-10 03:21:48.108108,S2,South,32.0,F,Grocery,Product_80,3.0,35.46,0.0,106.38,17.78,UPI,No,2025,9,September,10,Wednesday,3,37,253,0,35.46,0.0,16.713667982703516,26-35,0
100693,2025-09-10 12:06:29.189189,S1,North,70.0,F,Clothing,Product_60,6.0,38.03,0.05,216.77,48.71,UPI,Yes,2025,9,September,10,Wednesday,3,37,253,0,36.12833333333334,11.409,22.47082160815611,55+,0
100694,2025-09-10 20:51:10.270270,S1,South,47.0,F,Clothing,Product_31,4.0,112.3,0.05,426.74,101.81,Card,No,2025,9,September,10,Wednesday,3,37,253,0,106.685,22.46,23.857618221868115,46-55,0
100695,2025-09-11 05:35:51.351351,S3,North,59.0,F,Electronics,Product_73,7.0,164.33,0.0,1150.31,233.31,UPI,No,2025,9,September,11,Thursday,3,37,254,0,164.32999999999998,0.0,20.282358668532833,55+,0
100696,2025-09-11 14:20:32.432432,S2,North,54.0,M,Electronics,Product_95,4.0,334.56,0.15,1137.5,176.79,Card,No,2025,9,September,11,Thursday,3,37,254,0,284.375,200.736,15.54197802197802,46-55,1
100697,2025-09-11 23:05:13.513513,S3,North,54.0,F,Grocery,Product_78,9.0,71.48,0.05,611.15,98.33,Cash,No,2025,9,September,11,Thursday,3,37,254,0,67.90555555555555,32.166000000000004,16.08933976928741,46-55,0
100698,2025-09-12 07:49:54.594594,S1,West,59.0,F,Home,Product_49,9.0,301.36,0.2,2169.79,404.61,UPI,No,2025,9,September,12,Friday,3,37,255,0,241.08777777777777,542.4480000000001,18.647426709497232,55+,1
100699,2025-09-12 16:34:35.675675,S2,East,54.0,M,Clothing,Product_2,1.0,161.25,0.15,137.06,26.79,UPI,No,2025,9,September,12,Friday,3,37,255,0,137.06,24.1875,19.546184152925726,46-55,1
100700,2025-09-13 01:19:16.756756,S2,West,52.0,M,Electronics,Product_48,4.0,472.72,0.1,1701.79,329.41,UPI,No,2025,9,September,13,Saturday,3,37,256,1,425.4475,189.08800000000002,19.356677380875436,46-55,0
100701,2025-09-13 10:03:57.837837,S1,South,40.0,M,Clothing,Product_14,5.0,36.72,0.2,146.88,28.29,UPI,Yes,2025,9,September,13,Saturday,3,37,256,1,29.375999999999998,36.72,19.260620915032682,36-45,1
100702,2025-09-13 18:48:38.918918,S2,South,23.0,F,Home,Product_59,2.0,88.62,0.05,168.38,32.71,UPI,Yes,2025,9,September,13,Saturday,3,37,256,1,84.19,8.862,19.42629766005464,18-25,0
100703,2025-09-14 03:33:20.000000,S1,South,21.0,F,Electronics,Product_97,3.0,344.95,0.15,879.62,140.98,Card,No,2025,9,September,14,Sunday,3,37,257,1,293.20666666666665,155.2275,16.027375457583958,18-25,1
100704,2025-09-14 12:18:01.081081,S1,South,44.0,F,Grocery,Product_99,5.0,72.05,0.05,342.24,63.77,Card,No,2025,9,September,14,Sunday,3,37,257,1,68.44800000000001,18.0125,18.633122954651707,36-45,0
100705,2025-09-14 21:02:42.162162,S4,North,26.0,M,Electronics,Product_58,2.0,491.02,0.05,932.94,203.07,UPI,No,2025,9,September,14,Sunday,3,37,257,1,466.47,49.102000000000004,21.76667309794842,26-35,0
100706,2025-09-15 05:47:23.243243,S2,East,66.0,M,Clothing,Product_58,5.0,27.4,0.05,130.15,33.64,Cash,Yes,2025,9,September,15,Monday,3,38,258,0,26.03,6.8500000000000005,25.84709950057626,55+,0
100707,2025-09-15 14:32:04.324324,S4,North,46.0,M,Home,Product_51,6.0,156.73,0.05,893.36,225.59,Card,Yes,2025,9,September,15,Monday,3,38,258,0,148.89333333333335,47.019,25.251858153487955,46-55,0
100708,2025-09-15 23:16:45.405405,S1,East,30.0,M,Electronics,Product_84,1.0,224.51,0.1,202.06,37.15,Card,Yes,2025,9,September,15,Monday,3,38,258,0,202.06,22.451,18.385628031277836,26-35,0
100709,2025-09-16 08:01:26.486486,S3,East,64.0,F,Grocery,Product_2,4.0,61.7,0.05,234.46,42.11,Card,No,2025,9,September,16,Tuesday,3,38,259,0,58.615,12.340000000000002,17.960419687793223,55+,0
100710,2025-09-16 16:46:07.567567,S3,North,69.0,F,Home,Product_41,2.0,242.06,0.05,459.91,90.5,UPI,No,2025,9,September,16,Tuesday,3,38,259,0,229.955,24.206000000000003,19.677763040594897,55+,0
100711,2025-09-17 01:30:48.648648,S3,North,34.0,M,Home,Product_83,6.0,85.97,0.2,412.66,59.84,Card,No,2025,9,September,17,Wednesday,3,38,260,0,68.77666666666667,103.16399999999999,14.501042020064943,26-35,1
100712,2025-09-17 10:15:29.729729,S2,West,62.0,F,Electronics,Product_82,2.0,319.23,0.1,574.61,111.81,Card,No,2025,9,September,17,Wednesday,3,38,260,0,287.305,63.846000000000004,19.458415272967752,55+,0
100713,2025-09-17 19:00:10.810810,S2,South,49.0,M,Electronics,Product_16,8.0,389.9,0.05,2310.6412499999997,476.705,UPI,Yes,2025,9,September,17,Wednesday,3,38,260,0,288.83015624999996,155.96,20.630853015369656,46-55,0
100714,2025-09-18 03:44:51.891891,S2,North,65.0,F,Electronics,Product_4,4.0,422.65,0.1,1521.54,286.58,UPI,Yes,2025,9,September,18,Thursday,3,38,261,0,380.385,169.06,18.834864676577677,55+,0
100715,2025-09-18 12:29:32.972972,S4,West,39.0,M,Clothing,Product_12,2.0,23.21,0.15,39.46,8.29,Card,Yes,2025,9,September,18,Thursday,3,38,261,0,19.73,6.963,21.00861632032438,36-45,1
100716,2025-09-18 21:14:14.054054,S4,North,21.0,M,Home,Product_29,4.0,317.14,0.2,1014.85,155.26,Card,No,2025,9,September,18,Thursday,3,38,261,0,253.7125,253.712,15.298812632408728,18-25,1
100717,2025-09-19 05:58:55.135135,S4,East,22.0,M,Grocery,Product_7,3.0,47.7,0.05,135.95,20.89,UPI,Yes,2025,9,September,19,Friday,3,38,262,0,45.31666666666666,7.155000000000001,15.365943361529977,18-25,0
100718,2025-09-19 14:43:36.216216,S1,West,54.0,M,Home,Product_14,4.0,293.57,0.0,1174.28,322.07,UPI,No,2025,9,September,19,Friday,3,38,262,0,293.57,0.0,27.42701910958204,46-55,0
100719,2025-09-19 23:28:17.297297,S3,North,58.0,M,Grocery,Product_12,5.0,65.6,0.05,311.6,47.72,Cash,No,2025,9,September,19,Friday,3,38,262,0,62.32000000000001,16.400000000000002,15.314505776636711,55+,0
100720,2025-09-20 08:12:58.378378,S4,North,66.0,F,Home,Product_99,4.0,106.96,0.05,406.45,102.0,UPI,Yes,2025,9,September,20,Saturday,3,38,263,1,101.6125,21.392,25.095337679911427,55+,0
100721,2025-09-20 16:57:39.459459,S1,North,30.0,F,Clothing,Product_5,2.0,37.63,0.15,63.97,14.91,Card,Yes,2025,9,September,20,Saturday,3,38,263,1,31.985,11.289,23.30780053149914,26-35,1
100722,2025-09-21 01:42:20.540540,S1,South,51.0,F,Electronics,Product_81,1.0,402.45,0.05,382.33,89.57,UPI,Yes,2025,9,September,21,Sunday,3,38,264,1,382.33,20.122500000000002,23.42740564433866,46-55,0
100723,2025-09-21 10:27:01.621621,S3,North,44.0,M,Home,Product_32,6.0,96.93,0.2,465.26,80.96,Card,No,2025,9,September,21,Sunday,3,38,264,1,77.54333333333334,116.31600000000002,17.401023083867084,36-45,1
100724,2025-09-21 19:11:42.702702,S3,East,39.0,F,Electronics,Product_74,4.0,447.48,0.05,1700.42,338.4,Card,No,2025,9,September,21,Sunday,3,38,264,1,425.105,89.49600000000001,19.900965643782122,36-45,0
100725,2025-09-22 03:56:23.783783,S4,North,70.0,M,Electronics,Product_43,3.0,404.17,0.2,970.01,157.1,Cash,Yes,2025,9,September,22,Monday,3,39,265,0,323.33666666666664,242.502,16.195709322584303,55+,1
100726,2025-09-22 12:41:04.864864,S1,South,40.0,M,Clothing,Product_81,7.0,154.69,0.0,1082.83,282.94,UPI,No,2025,9,September,22,Monday,3,39,265,0,154.69,0.0,26.12967871226324,36-45,0
100727,2025-09-22 21:25:45.945945,S4,West,68.0,F,Grocery,Product_69,3.0,27.43,0.15,69.95,7.77,Card,No,2025,9,September,22,Monday,3,39,265,0,23.316666666666666,12.343499999999999,11.107934238741958,55+,1
100728,2025-09-23 06:10:27.027027,S1,West,20.0,F,Electronics,Product_45,7.0,260.81,0.2,1460.54,155.4,Card,No,2025,9,September,23,Tuesday,3,39,266,0,208.64857142857142,365.134,10.639900310843935,18-25,1
100729,2025-09-23 14:55:08.108108,S1,East,59.0,M,Home,Product_9,3.0,251.37,0.2,603.29,87.42,Card,No,2025,9,September,23,Tuesday,3,39,266,0,201.09666666666666,150.822,14.49054351970031,55+,1
100730,2025-09-23 23:39:49.189189,S1,South,51.0,M,Home,Product_49,1.0,59.43,0.0,59.43,17.14,Card,No,2025,9,September,23,Tuesday,3,39,266,0,59.43,0.0,28.840652868921424,46-55,0
100731,2025-09-24 08:24:30.270270,S4,East,49.0,F,Clothing,Product_33,9.0,136.24,0.0,1226.16,360.3,UPI,No,2025,9,September,24,Wednesday,3,39,267,0,136.24,0.0,29.384419651595223,46-55,0
100732,2025-09-24 17:09:11.351351,S3,East,62.0,M,Electronics,Product_100,3.0,442.52,0.1,1194.8,182.31,Card,No,2025,9,September,24,Wednesday,3,39,267,0,398.26666666666665,132.756,15.258620689655173,55+,0
100733,2025-09-25 01:53:52.432432,S2,South,68.0,M,Electronics,Product_100,7.0,295.31,0.0,2067.17,476.705,Cash,Yes,2025,9,September,25,Thursday,3,39,268,0,295.31,0.0,23.06075455816406,55+,0
100734,2025-09-25 10:38:33.513513,S2,North,66.0,M,Home,Product_18,3.0,279.46,0.0,838.38,197.8,Card,No,2025,9,September,25,Thursday,3,39,268,0,279.46,0.0,23.593120064887046,55+,0
100735,2025-09-25 19:23:14.594594,S4,West,38.0,M,Home,Product_9,5.0,102.38,0.0,511.9,134.54,UPI,No,2025,9,September,25,Thursday,3,39,268,0,102.38,0.0,26.2824770462981,36-45,0
100736,2025-09-26 04:07:55.675675,S2,South,63.0,M,Grocery,Product_62,8.0,29.17,0.05,221.69,38.25,Cash,No,2025,9,September,26,Friday,3,39,269,0,27.71125,11.668000000000001,17.253822905859533,55+,0
100737,2025-09-26 12:52:36.756756,S4,North,61.0,M,Home,Product_57,1.0,342.29,0.05,325.18,85.62,UPI,No,2025,9,September,26,Friday,3,39,269,0,325.18,17.114500000000003,26.33003259733071,55+,0
100738,2025-09-26 21:37:17.837837,S2,South,44.0,F,Electronics,Product_29,7.0,495.21,0.0,2310.6412499999997,476.705,Card,No,2025,9,September,26,Friday,3,39,269,0,330.0916071428571,0.0,20.630853015369656,36-45,0
100739,2025-09-27 06:21:58.918918,S2,South,61.0,M,Electronics,Product_78,5.0,329.41,0.0,1647.05,337.97,Card,Yes,2025,9,September,27,Saturday,3,39,270,1,329.40999999999997,0.0,20.519717069912875,55+,0
100740,2025-09-27 15:06:40.000000,S2,West,28.0,F,Home,Product_25,5.0,330.28,0.05,1568.83,276.46,Card,Yes,2025,9,September,27,Saturday,3,39,270,1,313.76599999999996,82.57,17.622049552851486,26-35,0
100741,2025-09-27 23:51:21.081081,S2,East,56.0,F,Electronics,Product_15,4.0,332.96,0.1,1198.66,212.84,Cash,Yes,2025,9,September,27,Saturday,3,39,270,1,299.665,133.184,17.756494752473596,55+,0
100742,2025-09-28 08:36:02.162162,S3,East,21.0,F,Clothing,Product_6,8.0,66.65,0.0,533.2,157.03,Cash,No,2025,9,September,28,Sunday,3,39,271,1,66.65,0.0,29.450487621905474,18-25,0
100743,2025-09-28 17:20:43.243243,S2,North,68.0,M,Clothing,Product_42,1.0,62.7,0.05,59.56,16.51,Cash,Yes,2025,9,September,28,Sunday,3,39,271,1,59.56,3.1350000000000002,27.719946272666217,55+,0
100744,2025-09-29 02:05:24.324324,S1,South,18.0,M,Electronics,Product_29,2.0,475.33,0.2,760.53,125.52,UPI,Yes,2025,9,September,29,Monday,3,40,272,0,380.265,190.132,16.50427991006272,18-25,1
100745,2025-09-29 10:50:05.405405,S4,South,45.0,F,Electronics,Product_79,8.0,210.36,0.2,1346.3,196.29,Card,Yes,2025,9,September,29,Monday,3,40,272,0,168.2875,336.576,14.579959890069077,36-45,1
100746,2025-09-29 19:34:46.486486,S2,North,41.0,F,Clothing,Product_93,6.0,112.74,0.2,541.15,113.69,Cash,Yes,2025,9,September,29,Monday,3,40,272,0,90.19166666666666,135.28799999999998,21.00896239489975,36-45,1
100747,2025-09-30 04:19:27.567567,S3,North,52.0,M,Electronics,Product_4,1.0,344.43,0.15,292.77,47.24,Cash,Yes,2025,9,September,30,Tuesday,3,40,273,0,292.77,51.6645,16.135533012262187,46-55,1
100748,2025-09-30 13:04:08.648648,S4,East,30.0,F,Electronics,Product_82,4.0,408.87,0.05,1553.71,332.73,Card,Yes,2025,9,September,30,Tuesday,3,40,273,0,388.4275,81.774,21.415193311493137,26-35,0
100749,2025-09-30 21:48:49.729729,S3,North,64.0,M,Home,Product_57,4.0,199.77,0.1,719.17,137.59,Card,No,2025,9,September,30,Tuesday,3,40,273,0,179.7925,79.90800000000002,19.13177690949289,55+,0
100750,2025-10-01 06:33:30.810810,S1,East,51.0,M,Home,Product_49,3.0,131.69,0.05,375.32,75.75,UPI,Yes,2025,10,October,1,Wednesday,4,40,274,0,125.10666666666667,19.753500000000003,20.182777363316635,46-55,0
100751,2025-10-01 15:18:11.891891,S4,North,28.0,M,Electronics,Product_44,3.0,209.29,0.1,565.08,92.35,Card,Yes,2025,10,October,1,Wednesday,4,40,274,0,188.36,62.787000000000006,16.342818715934023,26-35,0
100752,2025-10-02 00:02:52.972972,S3,North,53.0,M,Home,Product_80,6.0,236.25,0.05,1346.62,315.48,Card,No,2025,10,October,2,Thursday,4,40,275,0,224.43666666666664,70.875,23.42754451886947,46-55,0
100753,2025-10-02 08:47:34.054054,S2,North,68.0,M,Clothing,Product_75,2.0,135.04,0.1,243.07,52.01,Cash,No,2025,10,October,2,Thursday,4,40,275,0,121.535,27.008,21.39712839922656,55+,0
100754,2025-10-02 17:32:15.135135,S1,West,34.0,F,Clothing,Product_14,7.0,111.12,0.05,738.95,182.77,Cash,Yes,2025,10,October,2,Thursday,4,40,275,0,105.56428571428572,38.892,24.733743825698625,26-35,0
100755,2025-10-03 02:16:56.216216,S4,West,52.0,F,Grocery,Product_3,7.0,60.38,0.0,422.66,71.0,Card,Yes,2025,10,October,3,Friday,4,40,276,0,60.38,0.0,16.798372214072778,46-55,0
100756,2025-10-03 11:01:37.297297,S3,West,35.0,M,Home,Product_62,3.0,92.46,0.15,235.77,48.48,Card,No,2025,10,October,3,Friday,4,40,276,0,78.59,41.607,20.56241252067693,26-35,1
100757,2025-10-03 19:46:18.378378,S2,South,57.0,M,Home,Product_64,3.0,314.74,0.0,944.22,248.52,Cash,Yes,2025,10,October,3,Friday,4,40,276,0,314.74,0.0,26.32013725614793,55+,0
100758,2025-10-04 04:30:59.459459,S4,North,39.0,M,Electronics,Product_45,3.0,353.84,0.0,1061.52,235.03,UPI,Yes,2025,10,October,4,Saturday,4,40,277,1,353.84,0.0,22.140892305373427,36-45,0
100759,2025-10-04 13:15:40.540540,S4,East,41.0,M,Electronics,Product_82,4.0,194.4,0.0,777.6,178.09,Card,Yes,2025,10,October,4,Saturday,4,40,277,1,194.4,0.0,22.90252057613169,36-45,0
100760,2025-10-04 22:00:21.621621,S1,South,36.0,F,Grocery,Product_58,6.0,39.64,0.05,225.95,38.28,UPI,Yes,2025,10,October,4,Saturday,4,40,277,1,37.65833333333333,11.892000000000001,16.941801283469797,36-45,0
100761,2025-10-05 06:45:02.702702,S2,West,54.0,F,Clothing,Product_20,3.0,155.17,0.0,465.51,126.96,Cash,No,2025,10,October,5,Sunday,4,40,278,1,155.17,0.0,27.27331314042663,46-55,0
100762,2025-10-05 15:29:43.783783,S1,North,56.0,F,Electronics,Product_58,5.0,464.15,0.2,1856.6,239.78,Cash,No,2025,10,October,5,Sunday,4,40,278,1,371.32,464.15000000000003,12.915005924808792,55+,1
100763,2025-10-06 00:14:24.864864,S3,South,38.0,F,Home,Product_89,3.0,129.39,0.05,368.76,96.15,Card,No,2025,10,October,6,Monday,4,41,279,0,122.92,19.4085,26.073869183208593,36-45,0
100764,2025-10-06 08:59:05.945945,S1,North,25.0,M,Grocery,Product_57,3.0,58.34,0.05,166.27,18.33,Card,No,2025,10,October,6,Monday,4,41,279,0,55.42333333333334,8.751000000000001,11.024237685691945,18-25,0
100765,2025-10-06 17:43:47.027027,S3,South,45.0,M,Grocery,Product_77,1.0,12.5,0.05,11.88,1.72,Cash,No,2025,10,October,6,Monday,4,41,279,0,11.88,0.625,14.478114478114476,36-45,0
100766,2025-10-07 02:28:28.108108,S3,East,22.0,M,Clothing,Product_68,1.0,25.37,0.1,22.83,5.39,Card,No,2025,10,October,7,Tuesday,4,41,280,0,22.83,2.5370000000000004,23.60928602715725,18-25,0
100767,2025-10-07 11:13:09.189189,S4,South,34.0,M,Grocery,Product_78,2.0,47.03,0.15,79.95,10.49,UPI,No,2025,10,October,7,Tuesday,4,41,280,0,39.975,14.109,13.120700437773609,26-35,1
100768,2025-10-07 19:57:50.270270,S2,South,44.0,F,Electronics,Product_97,3.0,393.19,0.1,1061.61,215.2,Card,Yes,2025,10,October,7,Tuesday,4,41,280,0,353.86999999999995,117.957,20.271097672403236,36-45,0
100769,2025-10-08 04:42:31.351351,S4,South,53.0,M,Electronics,Product_92,7.0,428.53,0.1,2310.6412499999997,476.705,Card,No,2025,10,October,8,Wednesday,4,41,281,0,330.0916071428571,299.971,20.630853015369656,46-55,0
100770,2025-10-08 13:27:12.432432,S1,South,36.0,M,Home,Product_52,7.0,152.06,0.2,851.54,143.2,Card,No,2025,10,October,8,Wednesday,4,41,281,0,121.64857142857143,212.88400000000001,16.816591117269887,36-45,1
100771,2025-10-08 22:11:53.513513,S4,West,44.0,F,Electronics,Product_37,2.0,152.28,0.15,258.88,41.29,Card,Yes,2025,10,October,8,Wednesday,4,41,281,0,129.44,45.684,15.949474660074165,36-45,1
100772,2025-10-09 06:56:34.594594,S1,West,44.0,F,Clothing,Product_8,2.0,96.72,0.1,174.1,43.05,Cash,No,2025,10,October,9,Thursday,4,41,282,0,87.05,19.344,24.72716829408386,36-45,0
100773,2025-10-09 15:41:15.675675,S2,West,51.0,F,Home,Product_44,2.0,54.76,0.0,109.52,26.22,Card,No,2025,10,October,9,Thursday,4,41,282,0,54.76,0.0,23.94083272461651,46-55,0
100774,2025-10-10 00:25:56.756756,S4,West,28.0,M,Clothing,Product_98,3.0,34.72,0.1,93.74,20.28,Cash,Yes,2025,10,October,10,Friday,4,41,283,0,31.246666666666666,10.416,21.63430765948368,26-35,0
100775,2025-10-10 09:10:37.837837,S1,South,62.0,M,Electronics,Product_5,4.0,264.34,0.05,1004.49,198.96,Cash,Yes,2025,10,October,10,Friday,4,41,283,0,251.1225,52.867999999999995,19.80706627243676,55+,0
100776,2025-10-10 17:55:18.918918,S1,East,44.0,M,Electronics,Product_69,4.0,303.01,0.1,1090.84,212.61,Card,No,2025,10,October,10,Friday,4,41,283,0,272.71,121.20400000000001,19.490484397345167,36-45,0
100777,2025-10-11 02:40:00.000000,S3,South,29.0,M,Clothing,Product_31,2.0,64.72,0.15,110.02,23.67,UPI,No,2025,10,October,11,Saturday,4,41,284,1,55.01,19.416,21.514270132703146,26-35,1
100778,2025-10-11 11:24:41.081081,S3,North,38.0,M,Clothing,Product_45,2.0,113.1,0.1,203.58,50.54,Card,No,2025,10,October,11,Saturday,4,41,284,1,101.79,22.62,24.825621377345513,36-45,0
100779,2025-10-11 20:09:22.162162,S3,West,28.0,M,Home,Product_9,1.0,66.6,0.15,56.61,8.64,UPI,Yes,2025,10,October,11,Saturday,4,41,284,1,56.61,9.989999999999998,15.262321144674088,26-35,1
100780,2025-10-12 04:54:03.243243,S3,North,56.0,F,Home,Product_32,2.0,93.37,0.0,186.74,46.75,UPI,Yes,2025,10,October,12,Sunday,4,41,285,1,93.37,0.0,25.034807754096605,55+,0
100781,2025-10-12 13:38:44.324324,S3,West,45.0,M,Clothing,Product_33,6.0,131.24,0.0,787.44,214.13,Card,No,2025,10,October,12,Sunday,4,41,285,1,131.24,0.0,27.193182972670932,36-45,0
100782,2025-10-12 22:23:25.405405,S1,South,22.0,F,Grocery,Product_67,2.0,15.66,0.0,31.32,4.84,Card,Yes,2025,10,October,12,Sunday,4,41,285,1,15.66,0.0,15.453384418901658,18-25,0
100783,2025-10-13 07:08:06.486486,S2,East,34.0,F,Electronics,Product_30,4.0,373.92,0.2,1196.54,183.24,UPI,No,2025,10,October,13,Monday,4,42,286,0,299.135,299.136,15.314155815935951,26-35,1
100784,2025-10-13 15:52:47.567567,S1,East,37.0,M,Electronics,Product_76,5.0,169.14,0.15,718.84,141.55,Cash,No,2025,10,October,13,Monday,4,42,286,0,143.768,126.85499999999999,19.691447331812366,36-45,1
100785,2025-10-14 00:37:28.648648,S4,West,58.0,F,Grocery,Product_29,8.0,35.55,0.1,255.96,40.9,Card,No,2025,10,October,14,Tuesday,4,42,287,0,31.995,28.439999999999998,15.979059228004374,55+,0
100786,2025-10-14 09:22:09.729729,S3,East,44.0,M,Clothing,Product_3,8.0,48.39,0.1,348.41,90.96,UPI,Yes,2025,10,October,14,Tuesday,4,42,287,0,43.55125,38.712,26.107172584024564,36-45,0
100787,2025-10-14 18:06:50.810810,S2,East,29.0,M,Grocery,Product_90,6.0,13.22,0.1,71.39,11.01,Card,Yes,2025,10,October,14,Tuesday,4,42,287,0,11.898333333333333,7.932000000000001,15.42232805715086,26-35,0
100788,2025-10-15 02:51:31.891891,S2,North,23.0,F,Clothing,Product_57,1.0,110.73,0.2,88.58,18.86,UPI,Yes,2025,10,October,15,Wednesday,4,42,288,0,88.58,22.146,21.291487920523817,18-25,1
100789,2025-10-15 11:36:12.972972,S4,South,34.0,M,Home,Product_30,5.0,328.5,0.15,1396.12,215.02,Card,No,2025,10,October,15,Wednesday,4,42,288,0,279.224,246.375,15.401254906455033,26-35,1
100790,2025-10-15 20:20:54.054054,S1,North,68.0,F,Clothing,Product_9,7.0,28.77,0.1,181.25,43.04,UPI,No,2025,10,October,15,Wednesday,4,42,288,0,25.892857142857142,20.139,23.746206896551726,55+,0
100791,2025-10-16 05:05:35.135135,S3,East,36.0,M,Clothing,Product_26,1.0,87.45,0.1,78.7,19.69,Card,No,2025,10,October,16,Thursday,4,42,289,0,78.7,8.745000000000001,25.01905972045743,36-45,0
100792,2025-10-16 13:50:16.216216,S2,South,43.0,F,Clothing,Product_2,4.0,133.21,0.0,532.84,154.86,UPI,Yes,2025,10,October,16,Thursday,4,42,289,0,133.21,0.0,29.063133398393514,36-45,0
100793,2025-10-16 22:34:57.297297,S3,East,65.0,M,Home,Product_62,7.0,188.81,0.1,1189.5,280.05,Cash,Yes,2025,10,October,16,Thursday,4,42,289,0,169.92857142857142,132.167,23.54350567465322,55+,0
100794,2025-10-17 07:19:38.378378,S1,North,61.0,M,Clothing,Product_3,4.0,149.04,0.05,566.35,135.56,UPI,No,2025,10,October,17,Friday,4,42,290,0,141.5875,29.808,23.935728789617727,55+,0
100795,2025-10-17 16:04:19.459459,S4,North,61.0,M,Grocery,Product_46,1.0,18.47,0.0,18.47,3.55,UPI,No,2025,10,October,17,Friday,4,42,290,0,18.47,0.0,19.2203573362209,55+,0
100796,2025-10-18 00:49:00.540540,S4,East,69.0,F,Electronics,Product_68,1.0,485.86,0.15,412.98,57.28,UPI,No,2025,10,October,18,Saturday,4,42,291,1,412.98,72.879,13.869921061552617,55+,1
100797,2025-10-18 09:33:41.621621,S3,North,49.0,F,Electronics,Product_25,3.0,284.81,0.05,811.71,158.91,Cash,Yes,2025,10,October,18,Saturday,4,42,291,1,270.57,42.721500000000006,19.577188897512656,46-55,0
100798,2025-10-18 18:18:22.702702,S3,North,23.0,F,Clothing,Product_51,2.0,74.65,0.2,119.44,23.74,UPI,No,2025,10,October,18,Saturday,4,42,291,1,59.72,29.860000000000003,19.876088412592097,18-25,1
100799,2025-10-19 03:03:03.783783,S4,North,53.0,M,Home,Product_13,5.0,312.38,0.0,1561.9,417.42,Cash,No,2025,10,October,19,Sunday,4,42,292,1,312.38,0.0,26.725142454702606,46-55,0
100800,2025-10-19 11:47:44.864864,S3,West,44.0,F,Grocery,Product_44,6.0,47.29,0.05,269.55,47.14,UPI,No,2025,10,October,19,Sunday,4,42,292,1,44.925000000000004,14.187000000000001,17.488406603598587,36-45,0
100801,2025-10-19 20:32:25.945945,S1,East,28.0,F,Clothing,Product_35,2.0,102.63,0.05,195.0,51.17,UPI,No,2025,10,October,19,Sunday,4,42,292,1,97.5,10.263,26.24102564102564,26-35,0
100802,2025-10-20 05:17:07.027027,S3,South,50.0,F,Home,Product_55,8.0,268.09,0.0,2144.72,443.87,Card,Yes,2025,10,October,20,Monday,4,43,293,0,268.09,0.0,20.695941661382374,46-55,0
100803,2025-10-20 14:01:48.108108,S3,South,41.0,M,Clothing,Product_87,4.0,112.77,0.05,428.53,115.23,UPI,Yes,2025,10,October,20,Monday,4,43,293,0,107.1325,22.554000000000002,26.889599327935038,36-45,0
100804,2025-10-20 22:46:29.189189,S2,South,44.0,F,Home,Product_9,2.0,98.75,0.0,197.5,48.32,Card,Yes,2025,10,October,20,Monday,4,43,293,0,98.75,0.0,24.465822784810126,36-45,0
100805,2025-10-21 07:31:10.270270,S3,West,32.0,F,Grocery,Product_2,6.0,55.56,0.0,333.36,69.28,Cash,No,2025,10,October,21,Tuesday,4,43,294,0,55.56,0.0,20.78233741300696,26-35,0
100806,2025-10-21 16:15:51.351351,S4,East,44.0,M,Electronics,Product_61,7.0,196.71,0.0,1376.97,334.7,UPI,No,2025,10,October,21,Tuesday,4,43,294,0,196.71,0.0,24.30699289018642,36-45,0
100807,2025-10-22 01:00:32.432432,S4,North,28.0,F,Clothing,Product_41,5.0,148.94,0.0,744.7,194.55,Cash,No,2025,10,October,22,Wednesday,4,43,295,0,148.94,0.0,26.124613938498726,26-35,0
100808,2025-10-22 09:45:13.513513,S2,North,44.0,F,Grocery,Product_44,7.0,79.23,0.1,499.15,75.69,Card,Yes,2025,10,October,22,Wednesday,4,43,295,0,71.30714285714285,55.461000000000006,15.163778423319643,36-45,0
100809,2025-10-22 18:29:54.594594,S1,North,67.0,M,Grocery,Product_64,6.0,33.3,0.0,199.8,38.37,Card,No,2025,10,October,22,Wednesday,4,43,295,0,33.300000000000004,0.0,19.2042042042042,55+,0
100810,2025-10-23 03:14:35.675675,S4,East,34.0,M,Clothing,Product_31,8.0,91.16,0.1,656.35,164.47,Cash,No,2025,10,October,23,Thursday,4,43,296,0,82.04375,72.928,25.058276834006243,26-35,0
100811,2025-10-23 11:59:16.756756,S4,East,68.0,M,Clothing,Product_47,4.0,27.43,0.15,93.26,21.26,Card,Yes,2025,10,October,23,Thursday,4,43,296,0,23.315,16.458,22.796482950889985,55+,1
100812,2025-10-23 20:43:57.837837,S1,North,44.0,F,Electronics,Product_2,6.0,154.81,0.05,882.42,187.61,UPI,No,2025,10,October,23,Thursday,4,43,296,0,147.07,46.443000000000005,21.260850842002675,36-45,0
100813,2025-10-24 05:28:38.918918,S4,North,31.0,F,Clothing,Product_96,10.0,167.43,0.2,1339.44,308.11,Cash,Yes,2025,10,October,24,Friday,4,43,297,0,133.94400000000002,334.86000000000007,23.00289673296303,26-35,1
100814,2025-10-24 14:13:20.000000,S4,North,44.0,M,Grocery,Product_82,6.0,14.65,0.1,79.11,10.2,UPI,Yes,2025,10,October,24,Friday,4,43,297,0,13.185,8.790000000000001,12.893439514599923,36-45,0
100815,2025-10-24 22:58:01.081081,S2,West,35.0,F,Home,Product_77,1.0,183.73,0.1,165.36,31.73,Card,Yes,2025,10,October,24,Friday,4,43,297,0,165.36,18.373,19.188437348814706,26-35,0
100816,2025-10-25 07:42:42.162162,S3,South,45.0,F,Electronics,Product_69,4.0,435.37,0.0,1741.48,410.39,Cash,No,2025,10,October,25,Saturday,4,43,298,1,435.37,0.0,23.56558789075958,36-45,0
100817,2025-10-25 16:27:23.243243,S2,East,68.0,M,Electronics,Product_58,5.0,461.26,0.15,1960.36,239.82,Card,No,2025,10,October,25,Saturday,4,43,298,1,392.072,345.945,12.233467322328552,55+,1
100818,2025-10-26 01:12:04.324324,S1,East,64.0,F,Electronics,Product_44,2.0,331.79,0.15,564.04,97.62,Cash,Yes,2025,10,October,26,Sunday,4,43,299,1,282.02,99.537,17.307283171406283,55+,1
100819,2025-10-26 09:56:45.405405,S2,South,64.0,F,Electronics,Product_74,10.0,347.76,0.05,2310.6412499999997,476.705,Card,No,2025,10,October,26,Sunday,4,43,299,1,231.06412499999996,173.88,20.630853015369656,55+,0
100820,2025-10-26 18:41:26.486486,S4,North,21.0,F,Electronics,Product_56,2.0,384.39,0.0,768.78,133.07,UPI,No,2025,10,October,26,Sunday,4,43,299,1,384.39,0.0,17.309243216524884,18-25,0
100821,2025-10-27 03:26:07.567567,S1,North,24.0,F,Clothing,Product_43,2.0,173.82,0.05,330.26,81.66,Card,No,2025,10,October,27,Monday,4,44,300,0,165.13,17.382,24.72597347544359,18-25,0
100822,2025-10-27 12:10:48.648648,S2,East,62.0,F,Electronics,Product_89,8.0,360.93,0.1,2310.6412499999997,476.705,UPI,Yes,2025,10,October,27,Monday,4,44,300,0,288.83015624999996,288.744,20.630853015369656,55+,0
100823,2025-10-27 20:55:29.729729,S2,West,52.0,F,Electronics,Product_34,4.0,345.82,0.05,1314.12,224.53,Card,No,2025,10,October,27,Monday,4,44,300,0,328.53,69.164,17.08595866435333,46-55,0
100824,2025-10-28 05:40:10.810810,S2,East,65.0,M,Clothing,Product_30,1.0,22.33,0.1,20.1,4.91,Cash,No,2025,10,October,28,Tuesday,4,44,301,0,20.1,2.233,24.427860696517413,55+,0
100825,2025-10-28 14:24:51.891891,S4,East,26.0,F,Electronics,Product_71,5.0,178.33,0.0,891.65,178.24,UPI,Yes,2025,10,October,28,Tuesday,4,44,301,0,178.32999999999998,0.0,19.989906353389784,26-35,0
100826,2025-10-28 23:09:32.972972,S2,North,25.0,F,Electronics,Product_70,5.0,352.01,0.15,1496.04,218.15,Card,Yes,2025,10,October,28,Tuesday,4,44,301,0,299.20799999999997,264.0075,14.581829362851263,18-25,1
100827,2025-10-29 07:54:14.054054,S2,West,69.0,F,Clothing,Product_55,1.0,169.8,0.0,169.8,54.05,UPI,No,2025,10,October,29,Wednesday,4,44,302,0,169.8,0.0,31.831566548881035,55+,0
100828,2025-10-29 16:38:55.135135,S3,West,62.0,M,Electronics,Product_67,10.0,453.34,0.0,2310.6412499999997,476.705,UPI,Yes,2025,10,October,29,Wednesday,4,44,302,0,231.06412499999996,0.0,20.630853015369656,55+,0
100829,2025-10-30 01:23:36.216216,S2,South,34.0,F,Clothing,Product_13,4.0,177.21,0.1,637.96,159.71,Card,No,2025,10,October,30,Thursday,4,44,303,0,159.49,70.884,25.03448492068468,26-35,0
100830,2025-10-30 10:08:17.297297,S1,West,34.0,M,Electronics,Product_3,4.0,334.74,0.0,1338.96,291.56,Card,Yes,2025,10,October,30,Thursday,4,44,303,0,334.74,0.0,21.775109039851827,26-35,0
100831,2025-10-30 18:52:58.378378,S2,East,66.0,F,Home,Product_26,4.0,286.38,0.0,1145.52,251.67,Card,No,2025,10,October,30,Thursday,4,44,303,0,286.38,0.0,21.9699350513304,55+,0
100832,2025-10-31 03:37:39.459459,S1,East,50.0,M,Grocery,Product_57,5.0,68.03,0.0,340.15,53.17,Card,Yes,2025,10,October,31,Friday,4,44,304,0,68.03,0.0,15.631339115096281,46-55,0
100833,2025-10-31 12:22:20.540540,S1,East,49.0,M,Home,Product_24,2.0,244.41,0.05,464.38,117.75,Card,Yes,2025,10,October,31,Friday,4,44,304,0,232.19,24.441000000000003,25.35638916404669,46-55,0
100834,2025-10-31 21:07:01.621621,S2,West,25.0,M,Clothing,Product_53,3.0,74.2,0.2,178.08,36.16,Card,Yes,2025,10,October,31,Friday,4,44,304,0,59.36000000000001,44.52000000000001,20.305480682839168,18-25,1
100835,2025-11-01 05:51:42.702702,S2,East,36.0,M,Grocery,Product_70,4.0,40.25,0.15,136.85,14.31,UPI,No,2025,11,November,1,Saturday,4,44,305,1,34.2125,24.15,10.456704420898795,36-45,1
100836,2025-11-01 14:36:23.783783,S4,North,55.0,F,Home,Product_43,7.0,307.38,0.05,2044.08,469.24,UPI,No,2025,11,November,1,Saturday,4,44,305,1,292.01142857142855,107.583,22.956048686939848,46-55,0
100837,2025-11-01 23:21:04.864864,S2,South,20.0,F,Electronics,Product_60,1.0,254.49,0.0,254.49,59.36,Card,Yes,2025,11,November,1,Saturday,4,44,305,1,254.49,0.0,23.32508153562026,18-25,0
100838,2025-11-02 08:05:45.945945,S3,West,22.0,F,Clothing,Product_58,5.0,167.8,0.05,797.05,214.48,Cash,Yes,2025,11,November,2,Sunday,4,44,306,1,159.41,41.95,26.909227777429273,18-25,0
100839,2025-11-02 16:50:27.027027,S3,North,30.0,M,Grocery,Product_49,7.0,22.24,0.1,140.11,17.46,Cash,No,2025,11,November,2,Sunday,4,44,306,1,20.01571428571429,15.567999999999998,12.461637284990363,26-35,0
100840,2025-11-03 01:35:08.108108,S1,South,64.0,M,Clothing,Product_42,2.0,139.92,0.05,265.85,60.75,Card,No,2025,11,November,3,Monday,4,45,307,0,132.925,13.991999999999999,22.851231897686663,55+,0
100841,2025-11-03 10:19:49.189189,S3,South,63.0,F,Electronics,Product_76,1.0,370.7,0.0,370.7,78.54,Card,No,2025,11,November,3,Monday,4,45,307,0,370.7,0.0,21.186943620178045,55+,0
100842,2025-11-03 19:04:30.270270,S1,South,48.0,F,Home,Product_100,3.0,274.88,0.0,824.64,224.45,Cash,Yes,2025,11,November,3,Monday,4,45,307,0,274.88,0.0,27.217937524253006,46-55,0
100843,2025-11-04 03:49:11.351351,S4,East,33.0,M,Home,Product_66,5.0,181.2,0.15,770.1,159.48,UPI,No,2025,11,November,4,Tuesday,4,45,308,0,154.02,135.9,20.708998831320606,26-35,1
100844,2025-11-04 12:33:52.432432,S1,West,44.0,M,Electronics,Product_11,2.0,476.42,0.05,905.2,188.47,Card,No,2025,11,November,4,Tuesday,4,45,308,0,452.6,47.642,20.820813079982322,36-45,0
100845,2025-11-04 21:18:33.513513,S2,North,49.0,M,Clothing,Product_98,4.0,121.2,0.15,412.08,89.25,UPI,No,2025,11,November,4,Tuesday,4,45,308,0,103.02,72.72,21.65841584158416,46-55,1
100846,2025-11-05 06:03:14.594594,S1,North,39.0,F,Electronics,Product_90,4.0,250.9,0.05,953.42,180.83,UPI,No,2025,11,November,5,Wednesday,4,45,309,0,238.355,50.18000000000001,18.966457594764112,36-45,0
100847,2025-11-05 14:47:55.675675,S4,North,46.0,F,Home,Product_18,5.0,241.54,0.0,1207.7,298.25,Card,Yes,2025,11,November,5,Wednesday,4,45,309,0,241.54000000000002,0.0,24.695702575142832,46-55,0
100848,2025-11-05 23:32:36.756756,S2,West,39.0,M,Electronics,Product_85,3.0,250.39,0.05,713.61,153.88,UPI,Yes,2025,11,November,5,Wednesday,4,45,309,0,237.87,37.5585,21.56359916480991,36-45,0
100849,2025-11-06 08:17:17.837837,S3,East,60.0,M,Clothing,Product_100,3.0,66.98,0.05,190.89,53.49,UPI,No,2025,11,November,6,Thursday,4,45,310,0,63.629999999999995,10.047,28.021373565928027,55+,0
100850,2025-11-06 17:01:58.918918,S1,South,20.0,F,Grocery,Product_52,6.0,34.97,0.0,209.82,36.67,UPI,No,2025,11,November,6,Thursday,4,45,310,0,34.97,0.0,17.47688494900391,18-25,0
100851,2025-11-07 01:46:40.000000,S3,West,27.0,M,Clothing,Product_46,9.0,156.39,0.0,1407.51,465.5,Cash,No,2025,11,November,7,Friday,4,45,311,0,156.39,0.0,33.07258918231487,26-35,0
100852,2025-11-07 10:31:21.081081,S1,West,59.0,M,Home,Product_44,8.0,200.09,0.0,1600.72,403.14,Card,No,2025,11,November,7,Friday,4,45,311,0,200.09,0.0,25.184916787445648,55+,0
100853,2025-11-07 19:16:02.162162,S4,West,38.0,F,Clothing,Product_22,5.0,128.62,0.0,643.1,175.61,UPI,No,2025,11,November,7,Friday,4,45,311,0,128.62,0.0,27.30679521069818,36-45,0
100854,2025-11-08 04:00:43.243243,S1,West,33.0,M,Electronics,Product_53,3.0,287.19,0.05,818.49,187.85,Card,Yes,2025,11,November,8,Saturday,4,45,312,1,272.83,43.0785,22.950799643245485,26-35,0
100855,2025-11-08 12:45:24.324324,S1,North,29.0,M,Home,Product_59,3.0,129.08,0.2,309.79,40.04,Card,Yes,2025,11,November,8,Saturday,4,45,312,1,103.26333333333334,77.44800000000001,12.924884599244649,26-35,1
100856,2025-11-08 21:30:05.405405,S1,East,19.0,F,Electronics,Product_94,2.0,484.12,0.05,919.83,192.8,Card,Yes,2025,11,November,8,Saturday,4,45,312,1,459.915,48.412000000000006,20.96039485557114,18-25,0
100857,2025-11-09 06:14:46.486486,S2,South,58.0,F,Clothing,Product_30,1.0,116.57,0.1,104.91,25.03,Card,Yes,2025,11,November,9,Sunday,4,45,313,1,104.91,11.657,23.85854541988371,55+,0
100858,2025-11-09 14:59:27.567567,S3,West,41.0,F,Electronics,Product_8,6.0,476.88,0.05,2310.6412499999997,476.705,Card,No,2025,11,November,9,Sunday,4,45,313,1,385.10687499999995,143.064,20.630853015369656,36-45,0
100859,2025-11-09 23:44:08.648648,S1,East,52.0,F,Home,Product_98,2.0,111.02,0.05,210.94,51.07,Card,Yes,2025,11,November,9,Sunday,4,45,313,1,105.47,11.102,24.210676021617523,46-55,0
100860,2025-11-10 08:28:49.729729,S3,West,47.0,F,Grocery,Product_57,2.0,16.02,0.0,32.04,5.86,Card,Yes,2025,11,November,10,Monday,4,46,314,0,16.02,0.0,18.2896379525593,46-55,0
100861,2025-11-10 17:13:30.810810,S2,East,44.0,F,Grocery,Product_73,10.0,69.19,0.05,657.3,113.88,UPI,Yes,2025,11,November,10,Monday,4,46,314,0,65.72999999999999,34.595,17.325422181652215,36-45,0
100862,2025-11-11 01:58:11.891891,S2,North,64.0,M,Clothing,Product_20,2.0,128.95,0.05,245.0,58.53,Card,Yes,2025,11,November,11,Tuesday,4,46,315,0,122.5,12.895,23.889795918367348,55+,0
100863,2025-11-11 10:42:52.972972,S2,East,52.0,F,Electronics,Product_25,2.0,215.3,0.0,430.6,103.06,UPI,Yes,2025,11,November,11,Tuesday,4,46,315,0,215.3,0.0,23.934045517882023,46-55,0
100864,2025-11-11 19:27:34.054054,S2,West,36.0,F,Clothing,Product_19,1.0,63.1,0.15,53.64,10.36,Card,No,2025,11,November,11,Tuesday,4,46,315,0,53.64,9.465,19.31394481730052,36-45,1
100865,2025-11-12 04:12:15.135135,S3,West,67.0,M,Grocery,Product_5,5.0,65.05,0.05,308.99,51.65,Card,Yes,2025,11,November,12,Wednesday,4,46,316,0,61.798,16.2625,16.715751318812906,55+,0
100866,2025-11-12 12:56:56.216216,S1,North,44.0,M,Electronics,Product_75,5.0,308.85,0.05,1467.04,294.45,Card,No,2025,11,November,12,Wednesday,4,46,316,0,293.408,77.2125,20.071027374850036,36-45,0
100867,2025-11-12 21:41:37.297297,S1,North,43.0,M,Grocery,Product_79,3.0,55.29,0.0,165.87,24.01,Card,No,2025,11,November,12,Wednesday,4,46,316,0,55.29,0.0,14.475191414963525,36-45,0
100868,2025-11-13 06:26:18.378378,S4,North,66.0,M,Clothing,Product_72,4.0,70.94,0.1,255.38,61.64,UPI,No,2025,11,November,13,Thursday,4,46,317,0,63.845,28.376,24.136580781580392,55+,0
100869,2025-11-13 15:10:59.459459,S4,East,57.0,M,Grocery,Product_83,7.0,33.59,0.15,199.86,25.11,Card,Yes,2025,11,November,13,Thursday,4,46,317,0,28.551428571428573,35.2695,12.56379465625938,55+,1
100870,2025-11-13 23:55:40.540540,S2,West,24.0,F,Grocery,Product_87,7.0,79.3,0.0,555.1,92.65,Cash,Yes,2025,11,November,13,Thursday,4,46,317,0,79.3,0.0,16.690686362817512,18-25,0
100871,2025-11-14 08:40:21.621621,S1,North,47.0,F,Home,Product_27,9.0,124.29,0.0,1118.61,257.0,Cash,Yes,2025,11,November,14,Friday,4,46,318,0,124.28999999999999,0.0,22.974942115661403,46-55,0
100872,2025-11-14 17:25:02.702702,S3,South,24.0,M,Clothing,Product_40,7.0,101.03,0.05,671.85,181.29,Card,No,2025,11,November,14,Friday,4,46,318,0,95.97857142857143,35.3605,26.983701719133734,18-25,0
100873,2025-11-15 02:09:43.783783,S2,West,20.0,M,Electronics,Product_96,5.0,445.54,0.0,2227.7,476.705,UPI,No,2025,11,November,15,Saturday,4,46,319,1,445.53999999999996,0.0,21.398976522871124,18-25,0
100874,2025-11-15 10:54:24.864864,S1,East,18.0,M,Clothing,Product_26,2.0,58.28,0.1,104.9,25.65,Card,No,2025,11,November,15,Saturday,4,46,319,1,52.45,11.656,24.451858913250714,18-25,0
100875,2025-11-15 19:39:05.945945,S1,East,53.0,F,Clothing,Product_27,1.0,86.43,0.1,77.79,18.68,UPI,No,2025,11,November,15,Saturday,4,46,319,1,77.79,8.643,24.01336932767708,46-55,0
100876,2025-11-16 04:23:47.027027,S3,East,42.0,M,Electronics,Product_62,1.0,365.28,0.0,365.28,76.22,UPI,No,2025,11,November,16,Sunday,4,46,320,1,365.28,0.0,20.86618484450285,36-45,0
100877,2025-11-16 13:08:28.108108,S3,South,54.0,M,Clothing,Product_83,5.0,96.99,0.0,484.95,157.82,Card,No,2025,11,November,16,Sunday,4,46,320,1,96.99,0.0,32.543561191875455,46-55,0
100878,2025-11-16 21:53:09.189189,S1,South,18.0,M,Clothing,Product_50,7.0,93.52,0.1,589.18,137.89,Card,Yes,2025,11,November,16,Sunday,4,46,320,1,84.16857142857143,65.464,23.403713635900743,18-25,0
100879,2025-11-17 06:37:50.270270,S1,East,32.0,M,Home,Product_42,4.0,158.75,0.0,635.0,147.76,Card,No,2025,11,November,17,Monday,4,47,321,0,158.75,0.0,23.269291338582676,26-35,0
100880,2025-11-17 15:22:31.351351,S1,East,54.0,M,Home,Product_29,1.0,225.99,0.0,225.99,56.74,Card,No,2025,11,November,17,Monday,4,47,321,0,225.99,0.0,25.10730563299261,46-55,0
100881,2025-11-18 00:07:12.432432,S3,West,30.0,F,Electronics,Product_39,4.0,368.53,0.15,1253.0,195.95,UPI,Yes,2025,11,November,18,Tuesday,4,47,322,0,313.25,221.11799999999997,15.638467677573823,26-35,1
100882,2025-11-18 08:51:53.513513,S1,East,57.0,F,Grocery,Product_60,9.0,54.0,0.05,461.7,70.9,Card,Yes,2025,11,November,18,Tuesday,4,47,322,0,51.3,24.3,15.356291964479102,55+,0
100883,2025-11-18 17:36:34.594594,S1,East,25.0,F,Electronics,Product_41,5.0,174.63,0.05,829.49,196.99,Card,No,2025,11,November,18,Tuesday,4,47,322,0,165.898,43.6575,23.748327285440453,18-25,0
100884,2025-11-19 02:21:15.675675,S4,North,22.0,M,Clothing,Product_33,7.0,120.97,0.0,846.79,217.97,UPI,Yes,2025,11,November,19,Wednesday,4,47,323,0,120.97,0.0,25.74073855383271,18-25,0
100885,2025-11-19 11:05:56.756756,S1,South,26.0,F,Clothing,Product_83,7.0,172.52,0.1,1086.88,261.66,UPI,Yes,2025,11,November,19,Wednesday,4,47,323,0,155.26857142857145,120.76400000000001,24.074414838804653,26-35,0
100886,2025-11-19 19:50:37.837837,S3,North,18.0,F,Home,Product_83,9.0,212.3,0.05,1815.16,378.91,Card,No,2025,11,November,19,Wednesday,4,47,323,0,201.68444444444447,95.53500000000001,20.874743824235882,18-25,0
100887,2025-11-20 04:35:18.918918,S1,North,44.0,M,Electronics,Product_97,6.0,400.34,0.2,1921.63,248.24,UPI,Yes,2025,11,November,20,Thursday,4,47,324,0,320.2716666666667,480.408,12.918199653419233,36-45,1
100888,2025-11-20 13:20:00.000000,S1,East,52.0,F,Clothing,Product_16,6.0,109.08,0.1,589.03,161.82,UPI,No,2025,11,November,20,Thursday,4,47,324,0,98.17166666666667,65.44800000000001,27.472284943041952,46-55,0
100889,2025-11-20 22:04:41.081081,S1,West,19.0,M,Home,Product_23,2.0,306.42,0.0,612.84,156.66,UPI,No,2025,11,November,20,Thursday,4,47,324,0,306.42,0.0,25.562952809868804,18-25,0
100890,2025-11-21 06:49:22.162162,S3,North,44.0,F,Electronics,Product_7,1.0,475.35,0.05,451.58,92.75,UPI,No,2025,11,November,21,Friday,4,47,325,0,451.58,23.767500000000002,20.538996412595775,36-45,0
100891,2025-11-21 15:34:03.243243,S4,South,40.0,M,Home,Product_26,4.0,105.27,0.05,400.03,84.49,UPI,Yes,2025,11,November,21,Friday,4,47,325,0,100.0075,21.054000000000002,21.120915931305152,36-45,0
100892,2025-11-22 00:18:44.324324,S4,West,26.0,F,Grocery,Product_96,2.0,37.76,0.05,71.74,10.87,Card,No,2025,11,November,22,Saturday,4,47,326,1,35.87,3.776,15.151937552272093,26-35,0
100893,2025-11-22 09:03:25.405405,S2,North,51.0,M,Grocery,Product_12,10.0,34.43,0.15,292.66,45.79,UPI,No,2025,11,November,22,Saturday,4,47,326,1,29.266000000000002,51.645,15.646142281145355,46-55,1
100894,2025-11-22 17:48:06.486486,S3,East,63.0,F,Electronics,Product_72,3.0,291.83,0.1,787.94,149.7,Cash,Yes,2025,11,November,22,Saturday,4,47,326,1,262.6466666666667,87.549,18.99890854633601,55+,0
100895,2025-11-23 02:32:47.567567,S1,East,31.0,F,Electronics,Product_5,7.0,193.93,0.0,1357.51,289.43,UPI,Yes,2025,11,November,23,Sunday,4,47,327,1,193.93,0.0,21.320653254856317,26-35,0
100896,2025-11-23 11:17:28.648648,S2,East,21.0,F,Clothing,Product_92,3.0,150.18,0.1,405.49,100.89,Card,No,2025,11,November,23,Sunday,4,47,327,1,135.16333333333333,45.054,24.88100816296333,18-25,0
100897,2025-11-23 20:02:09.729729,S4,North,47.0,M,Clothing,Product_69,3.0,25.72,0.0,77.16,22.02,Card,Yes,2025,11,November,23,Sunday,4,47,327,1,25.72,0.0,28.538102643856924,46-55,0
100898,2025-11-24 04:46:50.810810,S1,South,48.0,M,Electronics,Product_49,9.0,334.88,0.15,2310.6412499999997,366.88,Cash,Yes,2025,11,November,24,Monday,4,48,328,0,256.73791666666665,452.088,15.877843434154915,46-55,1
100899,2025-11-24 13:31:31.891891,S1,West,55.0,F,Electronics,Product_26,3.0,381.66,0.1,1030.48,177.89,Card,Yes,2025,11,November,24,Monday,4,48,328,0,343.49333333333334,114.498,17.262828972905826,46-55,0
100900,2025-11-24 22:16:12.972972,S1,East,28.0,M,Grocery,Product_5,3.0,20.56,0.05,58.6,12.02,Card,Yes,2025,11,November,24,Monday,4,48,328,0,19.533333333333335,3.0839999999999996,20.511945392491466,26-35,0
100901,2025-11-25 07:00:54.054054,S1,North,52.0,M,Grocery,Product_22,1.0,72.94,0.0,72.94,13.7,Card,Yes,2025,11,November,25,Tuesday,4,48,329,0,72.94,0.0,18.782561009048532,46-55,0
100902,2025-11-25 15:45:35.135135,S1,East,25.0,F,Electronics,Product_79,5.0,443.49,0.15,1884.83,242.43,Cash,No,2025,11,November,25,Tuesday,4,48,329,0,376.966,332.61749999999995,12.862167940875304,18-25,1
100903,2025-11-26 00:30:16.216216,S3,North,20.0,F,Clothing,Product_13,3.0,95.37,0.15,243.19,55.98,Card,No,2025,11,November,26,Wednesday,4,48,330,0,81.06333333333333,42.9165,23.01903861178502,18-25,1
100904,2025-11-26 09:14:57.297297,S2,East,31.0,M,Clothing,Product_28,5.0,85.78,0.05,407.46,116.56,Card,Yes,2025,11,November,26,Wednesday,4,48,330,0,81.49199999999999,21.445,28.60648898051343,26-35,0
100905,2025-11-26 17:59:38.378378,S4,North,30.0,M,Electronics,Product_33,5.0,232.8,0.0,1164.0,235.03,UPI,No,2025,11,November,26,Wednesday,4,48,330,0,232.8,0.0,20.191580756013746,26-35,0
100906,2025-11-27 02:44:19.459459,S4,West,62.0,M,Home,Product_23,6.0,269.0,0.1,1452.6,291.77,Card,No,2025,11,November,27,Thursday,4,48,331,0,242.1,161.4,20.086052595346278,55+,0
100907,2025-11-27 11:29:00.540540,S2,South,49.0,F,Home,Product_97,6.0,89.52,0.0,537.12,149.9,Cash,No,2025,11,November,27,Thursday,4,48,331,0,89.52,0.0,27.90810247244564,46-55,0
100908,2025-11-27 20:13:41.621621,S1,South,51.0,F,Grocery,Product_18,4.0,56.02,0.0,224.08,40.49,UPI,No,2025,11,November,27,Thursday,4,48,331,0,56.02,0.0,18.06943948589789,46-55,0
100909,2025-11-28 04:58:22.702702,S2,North,62.0,F,Home,Product_30,3.0,302.74,0.0,908.22,224.46,UPI,No,2025,11,November,28,Friday,4,48,332,0,302.74,0.0,24.714276276673054,55+,0
100910,2025-11-28 13:43:03.783783,S3,South,36.0,F,Clothing,Product_26,7.0,56.56,0.0,395.92,100.28,Cash,No,2025,11,November,28,Friday,4,48,332,0,56.56,0.0,25.328349161446756,36-45,0
100911,2025-11-28 22:27:44.864864,S1,West,55.0,M,Home,Product_16,3.0,309.93,0.05,883.3,222.07,Cash,No,2025,11,November,28,Friday,4,48,332,0,294.43333333333334,46.4895,25.14094871504585,46-55,0
100912,2025-11-29 07:12:25.945945,S3,West,33.0,M,Electronics,Product_77,4.0,161.66,0.2,517.31,70.47,Card,No,2025,11,November,29,Saturday,4,48,333,1,129.3275,129.328,13.622392762560168,26-35,1
100913,2025-11-29 15:57:07.027027,S2,South,19.0,M,Home,Product_39,3.0,323.84,0.1,874.37,145.65,Card,Yes,2025,11,November,29,Saturday,4,48,333,1,291.45666666666665,97.152,16.657707835355744,18-25,0
100914,2025-11-30 00:41:48.108108,S3,South,44.0,M,Clothing,Product_33,7.0,38.94,0.0,272.58,67.75,UPI,Yes,2025,11,November,30,Sunday,4,48,334,1,38.94,0.0,24.85508841441045,36-45,0
100915,2025-11-30 09:26:29.189189,S2,East,34.0,F,Electronics,Product_26,4.0,376.02,0.05,1428.88,269.73,Card,No,2025,11,November,30,Sunday,4,48,334,1,357.22,75.204,18.877022563126364,26-35,0
100916,2025-11-30 18:11:10.270270,S2,West,51.0,F,Electronics,Product_48,3.0,237.53,0.05,676.96,120.87,Cash,No,2025,11,November,30,Sunday,4,48,334,1,225.65333333333334,35.6295,17.8548215551879,46-55,0
100917,2025-12-01 02:55:51.351351,S4,East,59.0,M,Electronics,Product_65,6.0,442.79,0.0,2310.6412499999997,476.705,Cash,No,2025,12,December,1,Monday,4,49,335,0,385.10687499999995,0.0,20.630853015369656,55+,0
100918,2025-12-01 11:40:32.432432,S3,South,33.0,M,Grocery,Product_38,5.0,43.42,0.2,173.68,25.51,Card,No,2025,12,December,1,Monday,4,49,335,0,34.736000000000004,43.42000000000001,14.687931828650392,26-35,1
100919,2025-12-01 20:25:13.513513,S1,South,55.0,F,Electronics,Product_2,1.0,197.33,0.05,187.46,40.14,Cash,Yes,2025,12,December,1,Monday,4,49,335,0,187.46,9.866500000000002,21.412568014509763,46-55,0
100920,2025-12-02 05:09:54.594594,S4,East,19.0,F,Electronics,Product_6,4.0,349.85,0.2,1119.52,99.03,Card,No,2025,12,December,2,Tuesday,4,49,336,0,279.88,279.88000000000005,8.845755323710163,18-25,1
100921,2025-12-02 13:54:35.675675,S2,North,19.0,M,Clothing,Product_46,6.0,85.26,0.05,485.98,123.3,UPI,Yes,2025,12,December,2,Tuesday,4,49,336,0,80.99666666666667,25.578000000000003,25.371414461500475,18-25,0
100922,2025-12-02 22:39:16.756756,S4,East,43.0,F,Home,Product_50,10.0,248.43,0.1,2235.87,465.53,Card,Yes,2025,12,December,2,Tuesday,4,49,336,0,223.587,248.43000000000004,20.82097796383511,36-45,0
100923,2025-12-03 07:23:57.837837,S4,South,30.0,F,Electronics,Product_38,5.0,458.67,0.0,2293.35,436.79,Cash,No,2025,12,December,3,Wednesday,4,49,337,0,458.66999999999996,0.0,19.045937166154317,26-35,0
100924,2025-12-03 16:08:38.918918,S2,West,64.0,M,Grocery,Product_88,3.0,35.7,0.05,101.74,17.37,UPI,Yes,2025,12,December,3,Wednesday,4,49,337,0,33.913333333333334,5.355,17.07293100058974,55+,0
100925,2025-12-04 00:53:20.000000,S1,North,48.0,F,Grocery,Product_18,2.0,26.74,0.0,53.48,7.44,UPI,No,2025,12,December,4,Thursday,4,49,338,0,26.74,0.0,13.911742707554229,46-55,0
100926,2025-12-04 09:38:01.081081,S1,East,51.0,M,Clothing,Product_27,8.0,22.32,0.15,151.78,36.72,Cash,No,2025,12,December,4,Thursday,4,49,338,0,18.9725,26.784,24.192910791935695,46-55,1
100927,2025-12-04 18:22:42.162162,S3,South,56.0,F,Home,Product_41,7.0,222.45,0.15,1323.58,289.64,UPI,Yes,2025,12,December,4,Thursday,4,49,338,0,189.08285714285714,233.57249999999996,21.88307469136735,55+,1
100928,2025-12-05 03:07:23.243243,S3,East,20.0,F,Electronics,Product_72,2.0,290.8,0.15,494.36,102.36,Card,No,2025,12,December,5,Friday,4,49,339,0,247.18,87.24,20.705558702160367,18-25,1
100929,2025-12-05 11:52:04.324324,S1,North,25.0,F,Clothing,Product_92,2.0,79.94,0.1,143.89,30.0,Cash,No,2025,12,December,5,Friday,4,49,339,0,71.945,15.988,20.84925985127528,18-25,0
100930,2025-12-05 20:36:45.405405,S1,East,40.0,F,Home,Product_74,6.0,104.88,0.15,534.89,86.96,UPI,Yes,2025,12,December,5,Friday,4,49,339,0,89.14833333333333,94.392,16.25754828095496,36-45,1
100931,2025-12-06 05:21:26.486486,S4,East,31.0,M,Electronics,Product_17,3.0,300.52,0.0,901.56,210.83,Cash,Yes,2025,12,December,6,Saturday,4,49,340,1,300.52,0.0,23.385021518257247,26-35,0
100932,2025-12-06 14:06:07.567567,S4,East,44.0,F,Electronics,Product_62,3.0,494.55,0.05,1409.47,315.23,Cash,No,2025,12,December,6,Saturday,4,49,340,1,469.8233333333333,74.1825,22.365144345037496,36-45,0
100933,2025-12-06 22:50:48.648648,S2,East,46.0,F,Home,Product_29,2.0,139.33,0.1,250.79,56.72,Card,No,2025,12,December,6,Saturday,4,49,340,1,125.395,27.866000000000003,22.61653175963954,46-55,0
100934,2025-12-07 07:35:29.729729,S1,East,44.0,F,Electronics,Product_58,2.0,359.9,0.1,647.82,130.6,Card,Yes,2025,12,December,7,Sunday,4,49,341,1,323.91,71.98,20.159920965700344,36-45,0
100935,2025-12-07 16:20:10.810810,S1,West,70.0,F,Grocery,Product_70,4.0,63.24,0.1,227.66,38.14,Card,Yes,2025,12,December,7,Sunday,4,49,341,1,56.915,25.296000000000003,16.753052798032154,55+,0
100936,2025-12-08 01:04:51.891891,S1,North,56.0,F,Electronics,Product_78,6.0,412.21,0.0,2310.6412499999997,476.705,UPI,No,2025,12,December,8,Monday,4,50,342,0,385.10687499999995,0.0,20.630853015369656,55+,0
100937,2025-12-08 09:49:32.972972,S4,West,18.0,F,Home,Product_22,3.0,148.63,0.0,445.89,109.58,Card,No,2025,12,December,8,Monday,4,50,342,0,148.63,0.0,24.57556796519321,18-25,0
100938,2025-12-08 18:34:14.054054,S1,South,34.0,M,Clothing,Product_6,3.0,117.74,0.2,282.58,48.78,UPI,Yes,2025,12,December,8,Monday,4,50,342,0,94.19333333333333,70.64399999999999,17.262368178922785,26-35,1
100939,2025-12-09 03:18:55.135135,S3,North,58.0,F,Home,Product_26,3.0,311.38,0.1,840.73,171.54,Card,No,2025,12,December,9,Tuesday,4,50,343,0,280.24333333333334,93.414,20.403696787315784,55+,0
100940,2025-12-09 12:03:36.216216,S1,North,47.0,F,Clothing,Product_39,4.0,22.47,0.0,89.88,24.91,Card,No,2025,12,December,9,Tuesday,4,50,343,0,22.47,0.0,27.71473075211393,46-55,0
100941,2025-12-09 20:48:17.297297,S3,South,70.0,F,Clothing,Product_12,2.0,89.72,0.15,152.52,30.66,Card,No,2025,12,December,9,Tuesday,4,50,343,0,76.26,26.916,20.10228166797797,55+,1
100942,2025-12-10 05:32:58.378378,S3,West,30.0,F,Grocery,Product_99,4.0,21.82,0.2,69.82,6.93,Card,Yes,2025,12,December,10,Wednesday,4,50,344,0,17.455,17.456,9.925522772844458,26-35,1
100943,2025-12-10 14:17:39.459459,S4,East,44.0,M,Clothing,Product_14,6.0,82.18,0.0,493.08,127.59,UPI,No,2025,12,December,10,Wednesday,4,50,344,0,82.17999999999999,0.0,25.876125577999513,36-45,0
100944,2025-12-10 23:02:20.540540,S1,West,36.0,M,Clothing,Product_22,1.0,86.56,0.15,73.58,17.83,Card,Yes,2025,12,December,10,Wednesday,4,50,344,0,73.58,12.984,24.232128295732533,36-45,1
100945,2025-12-11 07:47:01.621621,S1,South,70.0,F,Clothing,Product_51,1.0,139.47,0.2,111.58,23.27,Card,No,2025,12,December,11,Thursday,4,50,345,0,111.58,27.894000000000002,20.85499193403836,55+,1
100946,2025-12-11 16:31:42.702702,S1,South,36.0,F,Home,Product_23,1.0,78.15,0.2,62.52,10.05,Card,No,2025,12,December,11,Thursday,4,50,345,0,62.52,15.630000000000003,16.074856046065257,36-45,1
100947,2025-12-12 01:16:23.783783,S4,North,42.0,M,Clothing,Product_48,4.0,102.01,0.2,326.43,66.52,UPI,No,2025,12,December,12,Friday,4,50,346,0,81.6075,81.608,20.378028980179515,36-45,1
100948,2025-12-12 10:01:04.864864,S4,South,39.0,F,Grocery,Product_71,7.0,47.31,0.05,314.61,43.38,UPI,No,2025,12,December,12,Friday,4,50,346,0,44.94428571428572,16.558500000000002,13.78850004767808,36-45,0
100949,2025-12-12 18:45:45.945945,S3,South,48.0,M,Electronics,Product_50,1.0,322.96,0.05,306.81,55.2,Card,No,2025,12,December,12,Friday,4,50,346,0,306.81,16.148,17.991590886868096,46-55,0
100950,2025-12-13 03:30:27.027027,S3,North,34.0,F,Clothing,Product_89,9.0,137.1,0.0,1233.9,329.85,UPI,No,2025,12,December,13,Saturday,4,50,347,1,137.10000000000002,0.0,26.73231218088986,26-35,0
100951,2025-12-13 12:15:08.108108,S3,North,40.0,M,Home,Product_13,1.0,165.14,0.0,165.14,40.65,Card,Yes,2025,12,December,13,Saturday,4,50,347,1,165.14,0.0,24.61547777643212,36-45,0
100952,2025-12-13 20:59:49.189189,S1,East,49.0,M,Home,Product_85,7.0,333.49,0.05,2217.71,476.705,Card,No,2025,12,December,13,Saturday,4,50,347,1,316.8157142857143,116.72150000000002,21.49537135152928,46-55,0
100953,2025-12-14 05:44:30.270270,S4,East,27.0,M,Grocery,Product_10,4.0,41.14,0.05,156.33,25.47,UPI,Yes,2025,12,December,14,Sunday,4,50,348,1,39.0825,8.228,16.292458261370175,26-35,0
100954,2025-12-14 14:29:11.351351,S2,West,27.0,M,Grocery,Product_55,5.0,47.84,0.0,239.2,36.75,Card,Yes,2025,12,December,14,Sunday,4,50,348,1,47.839999999999996,0.0,15.36371237458194,26-35,0
100955,2025-12-14 23:13:52.432432,S2,West,53.0,M,Clothing,Product_9,4.0,152.08,0.05,577.9,149.32,UPI,No,2025,12,December,14,Sunday,4,50,348,1,144.475,30.416000000000004,25.838380342619832,46-55,0
100956,2025-12-15 07:58:33.513513,S2,East,25.0,M,Electronics,Product_79,4.0,246.33,0.0,985.32,200.65,Card,No,2025,12,December,15,Monday,4,51,349,0,246.33,0.0,20.363942678520683,18-25,0
100957,2025-12-15 16:43:14.594594,S1,South,69.0,M,Electronics,Product_52,7.0,176.32,0.15,1049.1,96.33,Cash,No,2025,12,December,15,Monday,4,51,349,0,149.87142857142857,185.136,9.182156133828997,55+,1
100958,2025-12-16 01:27:55.675675,S1,East,37.0,F,Home,Product_2,6.0,262.34,0.0,1574.04,476.705,Card,No,2025,12,December,16,Tuesday,4,51,350,0,262.34,0.0,30.28544382607812,36-45,0
100959,2025-12-16 10:12:36.756756,S3,West,49.0,F,Grocery,Product_25,4.0,41.23,0.1,148.43,18.41,UPI,Yes,2025,12,December,16,Tuesday,4,51,350,0,37.1075,16.492,12.403153001414807,46-55,0
100960,2025-12-16 18:57:17.837837,S1,North,67.0,M,Electronics,Product_13,1.0,463.78,0.05,440.59,81.57,Cash,No,2025,12,December,16,Tuesday,4,51,350,0,440.59,23.189,18.51381102612406,55+,0
100961,2025-12-17 03:41:58.918918,S3,South,31.0,F,Electronics,Product_98,1.0,493.94,0.0,493.94,95.37,Card,Yes,2025,12,December,17,Wednesday,4,51,351,0,493.94,0.0,19.30801311900231,26-35,0
100962,2025-12-17 12:26:40.000000,S1,West,67.0,M,Electronics,Product_51,7.0,289.69,0.2,1622.26,192.81,UPI,No,2025,12,December,17,Wednesday,4,51,351,0,231.75142857142856,405.56600000000003,11.885271164918079,55+,1
100963,2025-12-17 21:11:21.081081,S2,South,45.0,F,Grocery,Product_58,4.0,36.16,0.05,137.41,21.47,Card,No,2025,12,December,17,Wednesday,4,51,351,0,34.3525,7.231999999999999,15.62477257841496,36-45,0
100964,2025-12-18 05:56:02.162162,S2,East,63.0,F,Clothing,Product_34,4.0,85.27,0.05,324.03,93.01,UPI,Yes,2025,12,December,18,Thursday,4,51,352,0,81.0075,17.054,28.704132333425918,55+,0
100965,2025-12-18 14:40:43.243243,S2,East,69.0,M,Clothing,Product_35,6.0,71.93,0.0,431.58,119.16,Card,Yes,2025,12,December,18,Thursday,4,51,352,0,71.92999999999999,0.0,27.610176560544975,55+,0
100966,2025-12-18 23:25:24.324324,S3,North,70.0,M,Clothing,Product_3,7.0,145.07,0.05,964.72,244.58,Card,No,2025,12,December,18,Thursday,4,51,352,0,137.81714285714287,50.7745,25.35243386682146,55+,0
100967,2025-12-19 08:10:05.405405,S2,South,41.0,M,Grocery,Product_59,5.0,61.92,0.0,309.6,63.16,UPI,Yes,2025,12,December,19,Friday,4,51,353,0,61.92,0.0,20.40051679586563,36-45,0
100968,2025-12-19 16:54:46.486486,S3,South,32.0,M,Home,Product_70,6.0,193.59,0.05,1103.46,242.22,Card,Yes,2025,12,December,19,Friday,4,51,353,0,183.91,58.077,21.950954271110867,26-35,0
100969,2025-12-20 01:39:27.567567,S2,North,39.0,F,Home,Product_48,6.0,63.4,0.05,361.38,83.27,UPI,Yes,2025,12,December,20,Saturday,4,51,354,1,60.23,19.02,23.042227018650728,36-45,0
100970,2025-12-20 10:24:08.648648,S3,North,47.0,M,Electronics,Product_64,3.0,258.35,0.15,658.79,93.26,Card,Yes,2025,12,December,20,Saturday,4,51,354,1,219.59666666666666,116.25750000000001,14.15625616660848,46-55,1
100971,2025-12-20 19:08:49.729729,S4,West,21.0,M,Clothing,Product_19,3.0,66.77,0.1,180.28,49.34,Card,No,2025,12,December,20,Saturday,4,51,354,1,60.093333333333334,20.031000000000002,27.36853783004216,18-25,0
100972,2025-12-21 03:53:30.810810,S3,South,30.0,M,Home,Product_67,7.0,293.33,0.0,2053.31,476.705,UPI,No,2025,12,December,21,Sunday,4,51,355,1,293.33,0.0,23.216416420316467,26-35,0
100973,2025-12-21 12:38:11.891891,S1,South,40.0,M,Grocery,Product_82,3.0,11.57,0.0,34.71,6.14,UPI,Yes,2025,12,December,21,Sunday,4,51,355,1,11.57,0.0,17.689426678190724,36-45,0
100974,2025-12-21 21:22:52.972972,S1,South,25.0,F,Electronics,Product_73,8.0,431.99,0.05,2310.6412499999997,476.705,Card,No,2025,12,December,21,Sunday,4,51,355,1,288.83015624999996,172.79600000000002,20.630853015369656,18-25,0
100975,2025-12-22 06:07:34.054054,S1,West,35.0,M,Electronics,Product_76,1.0,384.21,0.0,384.21,84.28,Card,Yes,2025,12,December,22,Monday,4,52,356,0,384.21,0.0,21.935920460165015,26-35,0
100976,2025-12-22 14:52:15.135135,S3,North,29.0,F,Electronics,Product_5,1.0,406.35,0.0,406.35,88.27,Card,No,2025,12,December,22,Monday,4,52,356,0,406.35,0.0,21.72265288544358,26-35,0
100977,2025-12-22 23:36:56.216216,S1,South,48.0,M,Clothing,Product_67,9.0,89.15,0.15,682.0,128.94,Card,No,2025,12,December,22,Monday,4,52,356,0,75.77777777777777,120.35249999999999,18.90615835777126,46-55,1
100978,2025-12-23 08:21:37.297297,S2,West,31.0,M,Grocery,Product_11,5.0,55.98,0.0,279.9,56.44,Card,No,2025,12,December,23,Tuesday,4,52,357,0,55.98,0.0,20.1643444087174,26-35,0
100979,2025-12-23 17:06:18.378378,S3,West,51.0,F,Electronics,Product_94,3.0,363.16,0.15,926.06,143.96,Card,No,2025,12,December,23,Tuesday,4,52,357,0,308.68666666666667,163.422,15.545429021877633,46-55,1
100980,2025-12-24 01:50:59.459459,S2,North,35.0,M,Clothing,Product_68,6.0,143.04,0.0,858.24,272.89,UPI,No,2025,12,December,24,Wednesday,4,52,358,0,143.04,0.0,31.796467188665172,26-35,0
100981,2025-12-24 10:35:40.540540,S3,West,51.0,F,Clothing,Product_69,5.0,91.48,0.2,365.92,76.27,UPI,No,2025,12,December,24,Wednesday,4,52,358,0,73.184,91.48000000000002,20.84335373852208,46-55,1
100982,2025-12-24 19:20:21.621621,S1,South,28.0,F,Electronics,Product_1,4.0,315.49,0.1,1135.76,147.17,Card,No,2025,12,December,24,Wednesday,4,52,358,0,283.94,126.19600000000001,12.957843206311193,26-35,0
100983,2025-12-25 04:05:02.702702,S1,South,58.0,M,Clothing,Product_91,1.0,122.97,0.1,110.67,23.72,Card,No,2025,12,December,25,Thursday,4,52,359,0,110.67,12.297,21.43308936477817,55+,0
100984,2025-12-25 12:49:43.783783,S3,North,29.0,M,Electronics,Product_92,7.0,187.83,0.0,1314.81,232.83,Card,No,2025,12,December,25,Thursday,4,52,359,0,187.82999999999998,0.0,17.708262030255323,26-35,0
100985,2025-12-25 21:34:24.864864,S2,North,66.0,M,Clothing,Product_63,8.0,89.8,0.15,610.64,118.54,UPI,No,2025,12,December,25,Thursday,4,52,359,0,76.33,107.75999999999999,19.41241975632124,55+,1
100986,2025-12-26 06:19:05.945945,S3,East,32.0,M,Home,Product_29,2.0,341.59,0.15,580.7,91.36,Cash,No,2025,12,December,26,Friday,4,52,360,0,290.35,102.47699999999999,15.7327363526778,26-35,1
100987,2025-12-26 15:03:47.027027,S2,South,48.0,M,Clothing,Product_82,7.0,26.01,0.1,163.86,40.15,UPI,Yes,2025,12,December,26,Friday,4,52,360,0,23.40857142857143,18.207000000000004,24.502624191382885,46-55,0
100988,2025-12-26 23:48:28.108108,S1,South,66.0,M,Electronics,Product_12,8.0,260.6,0.05,1980.56,383.59,UPI,No,2025,12,December,26,Friday,4,52,360,0,247.57,104.24000000000001,19.36775457446379,55+,0
100989,2025-12-27 08:33:09.189189,S4,East,46.0,M,Grocery,Product_77,4.0,28.56,0.1,102.82,15.92,Cash,Yes,2025,12,December,27,Saturday,4,52,361,1,25.705,11.424,15.483368994359076,46-55,0
100990,2025-12-27 17:17:50.270270,S4,East,43.0,F,Home,Product_41,5.0,240.04,0.0,1200.2,299.14,Card,Yes,2025,12,December,27,Saturday,4,52,361,1,240.04000000000002,0.0,24.924179303449424,36-45,0
100991,2025-12-28 02:02:31.351351,S3,North,35.0,F,Home,Product_2,3.0,81.74,0.1,220.7,45.29,Card,Yes,2025,12,December,28,Sunday,4,52,362,1,73.56666666666666,24.522,20.521069324875395,26-35,0
100992,2025-12-28 10:47:12.432432,S1,East,49.0,F,Electronics,Product_37,3.0,369.99,0.15,943.47,188.75,UPI,No,2025,12,December,28,Sunday,4,52,362,1,314.49,166.4955,20.005935535841097,46-55,1
100993,2025-12-28 19:31:53.513513,S3,North,39.0,M,Electronics,Product_45,6.0,183.26,0.05,1044.58,213.57,Card,No,2025,12,December,28,Sunday,4,52,362,1,174.09666666666666,54.978,20.445537919546613,36-45,0
100994,2025-12-29 04:16:34.594594,S2,East,55.0,M,Electronics,Product_80,8.0,183.23,0.0,1465.84,320.12,UPI,No,2025,12,December,29,Monday,4,1,363,0,183.23,0.0,21.838672706434537,46-55,0
100995,2025-12-29 13:01:15.675675,S1,East,34.0,F,Electronics,Product_48,5.0,404.86,0.05,1923.08,351.79,UPI,No,2025,12,December,29,Monday,4,1,363,0,384.616,101.21500000000002,18.293050731118832,26-35,0
100996,2025-12-29 21:45:56.756756,S4,West,40.0,F,Clothing,Product_24,4.0,71.86,0.1,258.7,56.0,UPI,No,2025,12,December,29,Monday,4,1,363,0,64.675,28.744,21.646695013529186,36-45,0
100997,2025-12-30 06:30:37.837837,S1,North,41.0,F,Grocery,Product_99,2.0,78.31,0.0,156.62,30.61,Card,No,2025,12,December,30,Tuesday,4,1,364,0,78.31,0.0,19.54411952496488,36-45,0
100998,2025-12-30 15:15:18.918918,S4,North,67.0,M,Clothing,Product_22,1.0,25.98,0.0,25.98,7.64,UPI,No,2025,12,December,30,Tuesday,4,1,364,0,25.98,0.0,29.4072363356428,55+,0
100999,2025-12-31 00:00:00.000000,S2,South,25.0,F,Electronics,Product_100,4.0,305.79,0.0,1223.16,307.54,UPI,No,2025,12,December,31,Wednesday,4,1,365,0,305.79,0.0,25.143072042905263,18-25,0
